Issue Type,Issue key,Issue id,Summary,Assignee,Reporter,Priority,Status,Resolution,Created,Affects Version/s,Due Date,Updated,Sprint,Sprint (Extra),Custom field (Comments),Custom field (Parent Link)
Story,D6NADD-41381,5962362,Impacted policy list,MRAO,JDOE,Low,To Do,,2025-02-27 14:22:08,,,2025-03-04 14:22:08,DATA CIDP S13 9/14 - 10/4,,Blocked by infra,
Story,D6NADD-41382,5962363,Add retry on failure,KBROWN,JDOE,Medium,Dev in Progress,,2025-08-12 09:11:40,1.1.0,,2025-08-22 09:11:40,PLATFORM S1 8/1 - 8/21,,Requires design review,D6NADD-41575
Story,D6NADD-41383,5962364,Improve logging for step executor,LKUMAR,SWSINGH,High,Dev in Progress,,2024-10-21 00:23:32,2025.09.1,,2024-10-26 00:23:32,PLATFORM S1 8/1 - 8/21,,,
Story,D6NADD-41384,5962365,Add retry on failure,AJONES,JDOE,High,Dev in Progress,,2024-10-10 08:57:53,1.1.0,2024-11-12,2024-10-20 08:57:53,,,,
Improvement,D6NADD-41385,5962366,Fix data ingestion bug,MRAO,JDOE,Medium,Dev in Progress,,2025-06-18 12:16:07,,2025-08-05,2025-07-23 12:16:07,DATA CIDP S14 10/5 - 10/25,,,
Bug,D6NADD-41386,5962367,Investigate memory leak,MRAO,MKHAN,High,Dev in Progress,,2024-11-03 07:06:47,1.0.0,2024-11-27,2024-12-02 07:06:47,,,,
Bug,D6NADD-41387,5962368,Investigate memory leak,KBROWN,ASMITH,Low,Blocked,,2024-03-11 14:40:27,1.0.0,,2024-03-14 14:40:27,,,Customer reported,
Improvement,D6NADD-41388,5962369,Update validation logic,TNGUYEN,MKHAN,Medium,Dev in Progress,,2025-06-12 09:24:06,2025.09.1,,2025-06-19 09:24:06,PLATFORM S1 8/1 - 8/21,,,
Bug,D6NADD-41389,5962370,Update validation logic,SWSINGH,RVERMA,Low,In Review,,2025-01-23 19:36:05,,,2025-02-03 19:36:05,,,,
Improvement,D6NADD-41390,5962371,Add retry on failure - phase 2,GOAMPAR,MKHAN,Medium,To Do,,2025-09-18 15:22:20,2025.09.1,2025-10-25,2025-10-07 15:22:20,DATA CIDP S13 9/14 - 10/4,,Customer reported,
Story,D6NADD-41391,5962372,Fix data ingestion bug - P0,SWSINGH,ASMITH,Medium,Dev in Progress,,2025-02-22 21:12:27,2.0.0,,2025-03-06 21:12:27,,,,
Improvement,D6NADD-41392,5962373,Add unit tests - phase 2,AJONES,ASMITH,Low,Dev in Progress,,2024-01-06 14:02:49,,,2024-01-10 14:02:49,DATA CIDP S14 10/5 - 10/25,,Need more info from security,
Bug,D6NADD-41393,5962374,Update validation logic,LKUMAR,EBELL,Medium,Dev in Progress,,2025-03-19 13:00:53,2.0.0,,2025-04-24 13:00:53,PLATFORM S2 8/22 - 9/11,,Need more info from security,
Epic,D6NADD-41394,5962375,Improve logging for step executor,TNGUYEN,EBELL,Low,In Review,,2024-02-17 01:54:07,,,2024-03-13 01:54:07,DATA CIDP S14 10/5 - 10/25,,Customer reported,
Task,D6NADD-41395,5962376,Investigate memory leak - P0,MRAO,SWSINGH,Medium,Done,Cannot Reproduce,2024-03-17 01:09:03,2025.09.1,,2024-03-20 01:09:03,DATA CIDP S13 9/14 - 10/4,,,
Task,D6NADD-41396,5962377,Fix data ingestion bug,TNGUYEN,JDOE,High,Done,Won't Fix,2024-10-21 08:34:15,1.1.0,,2024-10-21 08:34:15,PLATFORM S2 8/22 - 9/11,,,
Improvement,D6NADD-41397,5962378,Add unit tests - hotfix,MRAO,SWSINGH,Medium,Dev in Progress,,2024-02-14 09:38:16,2025.09.1,,2024-02-17 09:38:16,RELEASE Q4 11/01 - 11/21,,Need more info from security,
Task,D6NADD-41398,5962379,Update validation logic,MRAO,RVERMA,Low,Done,Won't Fix,2025-03-25 15:50:00,2.0.0,2025-04-11,2025-05-02 15:50:00,,,,
Bug,D6NADD-41399,5962380,Add retry on failure,ZPATEL,JDOE,Medium,To Do,,2024-12-21 03:17:01,,,2025-01-10 03:17:01,DATA CIDP S13 9/14 - 10/4,,,
Improvement,D6NADD-41400,5962381,Update validation logic - phase 2,LKUMAR,JDOE,High,Done,Won't Fix,2024-10-14 00:29:03,1.1.0,2024-12-29,2024-11-01 00:29:03,RELEASE Q4 11/01 - 11/21,,,
Improvement,D6NADD-41401,5962382,Impacted policy list,LKUMAR,EBELL,Low,Done,Duplicate,2024-03-30 15:44:46,1.0.0,,2024-04-05 15:44:46,PLATFORM S1 8/1 - 8/21,,,
Task,D6NADD-41402,5962383,Improve logging for step executor - hotfix,TNGUYEN,ASMITH,High,In Review,,2024-11-25 00:01:28,1.0.0,2025-01-13,2024-12-12 00:01:28,,,,
Epic,D6NADD-41403,5962384,Investigate memory leak,AJONES,SWSINGH,High,In Review,,2024-01-28 23:36:47,1.0.0,,2024-02-20 23:36:47,PLATFORM S2 8/22 - 9/11,,Requires design review,
Bug,D6NADD-41404,5962385,Impacted policy list,MRAO,EBELL,Low,To Do,,2024-11-11 15:25:24,1.0.0,,2024-12-20 15:25:24,DATA CIDP S14 10/5 - 10/25,,,
Task,D6NADD-41405,5962386,Investigate memory leak - hotfix,KBROWN,EBELL,High,In Review,,2025-09-03 13:43:28,2.0.0,2025-09-14,2025-09-09 13:43:28,DATA CIDP S14 10/5 - 10/25,,Customer reported,
Task,D6NADD-41406,5962387,Add retry on failure - phase 2,KBROWN,ASMITH,Medium,To Do,,2024-09-29 17:50:17,1.1.0,2024-12-13,2024-10-31 17:50:17,DATA CIDP S13 9/14 - 10/4,,Requires design review,
Bug,D6NADD-41407,5962388,Impacted policy list - P0,ZPATEL,EBELL,High,Dev in Progress,,2024-03-30 19:47:37,1.0.0,,2024-04-23 19:47:37,PLATFORM S1 8/1 - 8/21,,Customer reported,
Story,D6NADD-41408,5962389,Add retry on failure,AJONES,EBELL,High,Dev in Progress,,2024-04-06 19:11:03,2.0.0,,2024-04-25 19:11:03,PLATFORM S1 8/1 - 8/21,,,
Task,D6NADD-41409,5962390,Add retry on failure,KBROWN,EBELL,High,Dev in Progress,,2024-11-11 09:47:23,1.1.0,,2024-12-16 09:47:23,PLATFORM S1 8/1 - 8/21,,,
Improvement,D6NADD-41410,5962391,Improve logging for step executor,TNGUYEN,EBELL,Low,Dev in Progress,,2025-09-10 06:58:37,1.1.0,,2025-09-20 06:58:37,RELEASE Q4 11/01 - 11/21,,,
Improvement,D6NADD-41411,5962392,Improve logging for step executor - phase 2,LKUMAR,JDOE,High,To Do,Incomplete,2025-04-19 18:58:21,2025.09.1,,2025-04-23 18:58:21,DATA CIDP S14 10/5 - 10/25,,,
Epic,D6NADD-41412,5962393,Add unit tests,SWSINGH,EBELL,Medium,Done,Fixed,2025-08-27 14:48:29,2.0.0,2025-11-08,2025-09-23 14:48:29,DATA CIDP S13 9/14 - 10/4,,,
Story,D6NADD-41413,5962394,Add unit tests - P0,ZPATEL,RVERMA,Medium,In Review,,2025-03-01 13:04:24,2.0.0,,2025-03-29 13:04:24,PLATFORM S2 8/22 - 9/11,,,
Bug,D6NADD-41414,5962395,Add unit tests,LKUMAR,RVERMA,Low,Dev in Progress,,2024-09-05 07:49:05,1.0.0,2024-10-01,2024-10-09 07:49:05,PLATFORM S2 8/22 - 9/11,,,
Task,D6NADD-41415,5962396,Update validation logic,ZPATEL,MKHAN,Medium,To Do,,2024-10-29 12:22:26,,,2024-12-05 12:22:26,RELEASE Q4 11/01 - 11/21,,,D6NADD-41561
Bug,D6NADD-41416,5962397,Investigate memory leak,KBROWN,MKHAN,High,Dev in Progress,,2024-06-20 07:08:21,2.0.0,2024-08-21,2024-07-21 07:08:21,DATA CIDP S13 9/14 - 10/4,,,
Epic,D6NADD-41417,5962398,Fix data ingestion bug,SWSINGH,MKHAN,Medium,Done,Cannot Reproduce,2025-03-14 09:01:44,1.0.0,2025-05-14,2025-03-15 09:01:44,PLATFORM S2 8/22 - 9/11,,Requires design review,
Epic,D6NADD-41418,5962399,Improve logging for step executor - hotfix,ZPATEL,RVERMA,Medium,Blocked,,2024-03-04 14:50:34,,2024-05-19,2024-04-03 14:50:34,PLATFORM S1 8/1 - 8/21,,,
Story,D6NADD-41419,5962400,Impacted policy list,MRAO,JDOE,High,Dev in Progress,,2025-01-02 19:49:04,1.0.0,,2025-01-09 19:49:04,PLATFORM S2 8/22 - 9/11,,,
Task,D6NADD-41420,5962401,Update validation logic,SWSINGH,ASMITH,Low,To Do,,2025-06-10 02:40:06,,2025-07-12,2025-07-04 02:40:06,RELEASE Q4 11/01 - 11/21,,,
Story,D6NADD-41421,5962402,Refactor cadence engine,AJONES,MKHAN,High,Dev in Progress,,2024-10-14 19:56:30,1.1.0,,2024-10-18 19:56:30,DATA CIDP S13 9/14 - 10/4,,,
Story,D6NADD-41422,5962403,Investigate memory leak,TNGUYEN,EBELL,Low,Dev in Progress,,2025-05-20 05:24:18,2025.09.1,,2025-06-06 05:24:18,PLATFORM S2 8/22 - 9/11,,,
Improvement,D6NADD-41423,5962404,Refactor cadence engine,MRAO,SWSINGH,Medium,Dev in Progress,,2025-03-18 14:46:02,1.1.0,,2025-04-26 14:46:02,DATA CIDP S13 9/14 - 10/4,,,
Bug,D6NADD-41424,5962405,Fix data ingestion bug,ZPATEL,ASMITH,Medium,Done,Duplicate,2025-03-07 16:41:44,1.0.0,,2025-03-07 16:41:44,DATA CIDP S13 9/14 - 10/4,,,
Epic,D6NADD-41425,5962406,Add unit tests,MRAO,EBELL,Medium,In Review,,2024-01-14 09:26:15,1.0.0,2024-03-12,2024-01-19 09:26:15,PLATFORM S1 8/1 - 8/21,,,
Bug,D6NADD-41426,5962407,Add unit tests,ZPATEL,RVERMA,Critical,Dev in Progress,,2024-12-18 10:25:29,,2025-01-23,2025-01-04 10:25:29,,,Need more info from security,
Improvement,D6NADD-41427,5962408,Fix data ingestion bug - P0,LKUMAR,EBELL,Medium,In Review,,2024-03-19 01:56:32,1.0.0,2024-05-11,2024-03-31 01:56:32,PLATFORM S1 8/1 - 8/21,,Blocked by infra,
Bug,D6NADD-41428,5962409,Impacted policy list,LKUMAR,EBELL,High,Dev in Progress,,2024-03-20 16:22:20,2.0.0,,2024-03-20 16:22:20,PLATFORM S2 8/22 - 9/11,,,
Task,D6NADD-41429,5962410,Impacted policy list,TNGUYEN,SWSINGH,High,Dev in Progress,,2025-05-03 21:43:06,1.1.0,2025-07-21,2025-05-06 21:43:06,DATA CIDP S13 9/14 - 10/4,,,D6NADD-41772
Epic,D6NADD-41430,5962411,Add retry on failure,KBROWN,RVERMA,High,Dev in Progress,,2024-11-29 01:58:03,,,2024-12-18 01:58:03,RELEASE Q4 11/01 - 11/21,,,
Story,D6NADD-41431,5962412,Add retry on failure,LKUMAR,EBELL,Low,Dev in Progress,,2024-05-01 13:58:46,2025.09.1,,2024-05-01 13:58:46,PLATFORM S2 8/22 - 9/11,,,
Bug,D6NADD-41432,5962413,Add unit tests - phase 2,LKUMAR,EBELL,Medium,In Review,,2024-03-30 03:35:07,1.1.0,2024-04-25,2024-05-03 03:35:07,DATA CIDP S14 10/5 - 10/25,,Blocked by infra,
Bug,D6NADD-41433,5962414,Refactor cadence engine,TNGUYEN,EBELL,Medium,Dev in Progress,,2025-02-23 09:59:09,2025.09.1,,2025-03-26 09:59:09,DATA CIDP S13 9/14 - 10/4,,,
Bug,D6NADD-41434,5962415,Refactor cadence engine - phase 2,GOAMPAR,EBELL,High,Dev in Progress,,2024-05-16 01:47:30,2.0.0,,2024-06-15 01:47:30,PLATFORM S1 8/1 - 8/21,,Customer reported,
Epic,D6NADD-41435,5962416,Update validation logic,KBROWN,ASMITH,Medium,To Do,,2024-11-15 17:37:14,2025.09.1,2025-01-12,2024-12-16 17:37:14,DATA CIDP S13 9/14 - 10/4,,,
Bug,D6NADD-41436,5962417,Refactor cadence engine,KBROWN,MKHAN,High,To Do,,2024-12-24 19:51:47,1.1.0,2025-03-07,2025-01-19 19:51:47,RELEASE Q4 11/01 - 11/21,,,
Epic,D6NADD-41437,5962418,Impacted policy list - P1,SWSINGH,ASMITH,Medium,In Review,,2025-05-04 08:27:59,1.0.0,,2025-06-11 08:27:59,PLATFORM S1 8/1 - 8/21,,,
Improvement,D6NADD-41438,5962419,Investigate memory leak - phase 1,TNGUYEN,SWSINGH,Medium,Dev in Progress,,2024-08-14 16:41:37,2.0.0,,2024-09-15 16:41:37,PLATFORM S2 8/22 - 9/11,,,
Task,D6NADD-41439,5962420,Add unit tests,KBROWN,JDOE,High,Dev in Progress,,2024-02-24 05:21:15,2.0.0,,2024-03-12 05:21:15,PLATFORM S1 8/1 - 8/21,,,
Story,D6NADD-41440,5962421,Refactor cadence engine,TNGUYEN,JDOE,Medium,Dev in Progress,,2025-08-15 12:58:38,1.0.0,2025-10-02,2025-09-18 12:58:38,,,,
Epic,D6NADD-41441,5962422,Impacted policy list,TNGUYEN,EBELL,High,Dev in Progress,,2025-09-07 11:17:18,,,2025-09-16 11:17:18,DATA CIDP S14 10/5 - 10/25,,,
Improvement,D6NADD-41442,5962423,Improve logging for step executor,TNGUYEN,SWSINGH,Medium,Dev in Progress,,2024-11-14 10:33:19,1.1.0,2024-12-24,2024-11-23 10:33:19,RELEASE Q4 11/01 - 11/21,,,
Story,D6NADD-41443,5962424,Improve logging for step executor,KBROWN,ASMITH,Medium,Done,Incomplete,2025-02-24 05:16:10,1.0.0,,2025-02-26 05:16:10,,,,
Task,D6NADD-41444,5962425,Update validation logic,AJONES,EBELL,High,To Do,,2024-08-20 14:27:08,1.1.0,2024-09-03,2024-08-21 14:27:08,PLATFORM S1 8/1 - 8/21,,,
Improvement,D6NADD-41445,5962426,Investigate memory leak,SWSINGH,JDOE,Low,Dev in Progress,,2025-06-14 14:33:05,2025.09.1,,2025-06-29 14:33:05,DATA CIDP S14 10/5 - 10/25,,,
Bug,D6NADD-41446,5962427,Add unit tests,GOAMPAR,RVERMA,High,In Review,,2024-12-09 02:26:23,1.1.0,,2024-12-31 02:26:23,,,,
Bug,D6NADD-41447,5962428,Add unit tests,MRAO,RVERMA,High,To Do,,2024-10-05 19:29:01,,2024-11-18,2024-11-10 19:29:01,,,,
Story,D6NADD-41448,5962429,Impacted policy list,TNGUYEN,ASMITH,High,Dev in Progress,,2024-06-19 02:32:25,1.0.0,2024-07-28,2024-07-29 02:32:25,,,Need more info from security,
Epic,D6NADD-41449,5962430,Impacted policy list,SWSINGH,SWSINGH,High,Dev in Progress,,2024-06-04 23:05:10,1.1.0,,2024-06-12 23:05:10,RELEASE Q4 11/01 - 11/21,,,
Bug,D6NADD-41450,5962431,Fix data ingestion bug,TNGUYEN,ASMITH,High,Dev in Progress,,2024-02-28 11:40:54,1.0.0,,2024-03-08 11:40:54,,,,
Epic,D6NADD-41451,5962432,Improve logging for step executor - P0,GOAMPAR,ASMITH,Medium,Dev in Progress,,2025-06-06 05:20:27,1.1.0,,2025-06-22 05:20:27,DATA CIDP S13 9/14 - 10/4,,,
Epic,D6NADD-41452,5962433,Impacted policy list,ZPATEL,MKHAN,Low,To Do,,2025-06-28 13:01:32,,,2025-07-17 13:01:32,DATA CIDP S14 10/5 - 10/25,,Need more info from security,
Bug,D6NADD-41453,5962434,Add unit tests - phase 2,SWSINGH,RVERMA,Medium,In Review,,2025-02-23 13:55:04,1.0.0,,2025-03-21 13:55:04,PLATFORM S2 8/22 - 9/11,,,
Epic,D6NADD-41454,5962435,Investigate memory leak,LKUMAR,SWSINGH,Medium,Dev in Progress,,2024-07-02 09:27:30,2025.09.1,2024-08-25,2024-07-25 09:27:30,,,,
Epic,D6NADD-41455,5962436,Refactor cadence engine - phase 1,TNGUYEN,SWSINGH,Medium,Dev in Progress,,2024-01-17 14:07:54,1.0.0,,2024-01-20 14:07:54,DATA CIDP S14 10/5 - 10/25,,,
Task,D6NADD-41456,5962437,Update validation logic,MRAO,MKHAN,Low,Done,Duplicate,2025-08-24 11:16:35,2025.09.1,,2025-09-02 11:16:35,DATA CIDP S13 9/14 - 10/4,,,
Task,D6NADD-41457,5962438,Refactor cadence engine,AJONES,EBELL,High,To Do,,2025-09-04 09:25:44,,,2025-09-19 09:25:44,DATA CIDP S14 10/5 - 10/25,,,
Epic,D6NADD-41458,5962439,Update validation logic,TNGUYEN,RVERMA,High,Dev in Progress,,2025-01-26 08:14:02,,,2025-02-09 08:14:02,,,,
Improvement,D6NADD-41459,5962440,Refactor cadence engine,GOAMPAR,SWSINGH,Critical,In Review,,2024-03-24 20:33:15,2.0.0,,2024-04-24 20:33:15,DATA CIDP S13 9/14 - 10/4,,,
Bug,D6NADD-41460,5962441,Fix data ingestion bug - hotfix,ZPATEL,RVERMA,Critical,Dev in Progress,,2025-04-15 05:58:24,2025.09.1,2025-05-06,2025-05-12 05:58:24,,,,
Epic,D6NADD-41461,5962442,Add unit tests,KBROWN,ASMITH,High,Dev in Progress,,2024-08-30 18:19:24,1.1.0,2024-10-08,2024-09-26 18:19:24,DATA CIDP S14 10/5 - 10/25,,,
Epic,D6NADD-41462,5962443,Update validation logic - phase 1,AJONES,RVERMA,Low,In Review,,2025-03-08 03:30:08,2025.09.1,,2025-03-11 03:30:08,RELEASE Q4 11/01 - 11/21,,,
Story,D6NADD-41463,5962444,Investigate memory leak,KBROWN,EBELL,Low,Dev in Progress,,2024-03-21 11:15:16,1.0.0,,2024-04-26 11:15:16,,,,
Bug,D6NADD-41464,5962445,Improve logging for step executor - hotfix,MRAO,RVERMA,High,Blocked,,2025-04-21 13:50:05,,2025-06-01,2025-05-26 13:50:05,DATA CIDP S14 10/5 - 10/25,,,
Bug,D6NADD-41465,5962446,Improve logging for step executor,SWSINGH,JDOE,Medium,Dev in Progress,,2025-05-06 19:10:54,1.0.0,2025-07-19,2025-05-07 19:10:54,PLATFORM S2 8/22 - 9/11,,,
Bug,D6NADD-41466,5962447,Fix data ingestion bug,ZPATEL,MKHAN,Medium,Done,Won't Fix,2024-05-02 06:19:59,1.1.0,2024-05-19,2024-06-10 06:19:59,PLATFORM S2 8/22 - 9/11,,,
Epic,D6NADD-41467,5962448,Add unit tests,MRAO,MKHAN,Low,Dev in Progress,,2025-06-10 23:54:01,1.1.0,,2025-07-17 23:54:01,DATA CIDP S13 9/14 - 10/4,,,
Improvement,D6NADD-41468,5962449,Impacted policy list - hotfix,MRAO,JDOE,High,Dev in Progress,,2025-01-21 07:56:04,2025.09.1,2025-03-17,2025-02-17 07:56:04,,,,
Improvement,D6NADD-41469,5962450,Improve logging for step executor - phase 1,KBROWN,SWSINGH,Medium,To Do,,2024-11-29 10:26:20,2.0.0,,2025-01-04 10:26:20,PLATFORM S1 8/1 - 8/21,,Need more info from security,
Bug,D6NADD-41470,5962451,Fix data ingestion bug,TNGUYEN,EBELL,High,To Do,,2024-07-07 23:44:52,2025.09.1,,2024-08-03 23:44:52,DATA CIDP S13 9/14 - 10/4,,,
Bug,D6NADD-41471,5962452,Improve logging for step executor - phase 2,AJONES,MKHAN,Medium,Dev in Progress,,2025-08-25 21:56:34,1.0.0,2025-11-22,2025-09-16 21:56:34,DATA CIDP S14 10/5 - 10/25,,Requires design review,
Task,D6NADD-41472,5962453,Fix data ingestion bug,AJONES,JDOE,Critical,Dev in Progress,,2025-03-13 20:47:27,2025.09.1,,2025-04-19 20:47:27,,,,
Bug,D6NADD-41473,5962454,Fix data ingestion bug,TNGUYEN,RVERMA,Medium,In Review,,2024-09-30 08:40:42,2.0.0,2024-12-05,2024-11-01 08:40:42,DATA CIDP S13 9/14 - 10/4,,Requires design review,
Story,D6NADD-41474,5962455,Update validation logic,KBROWN,RVERMA,Medium,Blocked,,2024-02-01 20:43:07,2025.09.1,,2024-02-29 20:43:07,,,Customer reported,
Story,D6NADD-41475,5962456,Add unit tests - hotfix,AJONES,MKHAN,Medium,To Do,,2024-12-07 07:24:57,1.0.0,,2025-01-09 07:24:57,PLATFORM S1 8/1 - 8/21,,,
Epic,D6NADD-41476,5962457,Improve logging for step executor,GOAMPAR,EBELL,Medium,To Do,,2025-06-10 21:54:27,1.0.0,2025-09-02,2025-07-04 21:54:27,PLATFORM S1 8/1 - 8/21,,Blocked by infra,
Bug,D6NADD-41477,5962458,Refactor cadence engine,KBROWN,JDOE,Medium,Done,Duplicate,2025-03-10 03:03:45,1.1.0,,2025-04-03 03:03:45,DATA CIDP S14 10/5 - 10/25,,,
Improvement,D6NADD-41478,5962459,Update validation logic,KBROWN,MKHAN,Medium,Dev in Progress,,2024-06-15 08:50:26,2.0.0,,2024-07-06 08:50:26,DATA CIDP S14 10/5 - 10/25,,,
Task,D6NADD-41479,5962460,Fix data ingestion bug - phase 1,GOAMPAR,EBELL,Medium,In Review,,2024-10-19 14:34:02,1.0.0,2025-01-13,2024-10-28 14:34:02,,,,
Task,D6NADD-41480,5962461,Add unit tests,TNGUYEN,JDOE,Medium,Dev in Progress,,2024-12-30 07:05:04,2.0.0,2025-03-20,2025-01-11 07:05:04,PLATFORM S2 8/22 - 9/11,,,
Improvement,D6NADD-41481,5962462,Investigate memory leak,MRAO,MKHAN,Low,Dev in Progress,,2024-10-15 07:53:42,2025.09.1,,2024-11-19 07:53:42,DATA CIDP S13 9/14 - 10/4,,,
Task,D6NADD-41482,5962463,Refactor cadence engine,SWSINGH,RVERMA,Low,Done,Incomplete,2024-09-28 12:44:17,2.0.0,,2024-09-29 12:44:17,RELEASE Q4 11/01 - 11/21,,,
Story,D6NADD-41483,5962464,Improve logging for step executor - hotfix,AJONES,EBELL,Medium,In Review,,2024-08-10 19:49:10,1.0.0,,2024-09-09 19:49:10,,,,
Story,D6NADD-41484,5962465,Impacted policy list,SWSINGH,MKHAN,High,Dev in Progress,,2025-08-25 20:54:23,,2025-09-16,2025-09-12 20:54:23,DATA CIDP S14 10/5 - 10/25,,,
Epic,D6NADD-41485,5962466,Update validation logic - P0,GOAMPAR,EBELL,Medium,Dev in Progress,,2024-11-29 09:35:34,1.0.0,,2024-11-29 09:35:34,RELEASE Q4 11/01 - 11/21,,,
Story,D6NADD-41486,5962467,Improve logging for step executor - P1,GOAMPAR,RVERMA,High,To Do,,2024-10-16 22:51:39,1.1.0,,2024-11-01 22:51:39,DATA CIDP S13 9/14 - 10/4,,,
Story,D6NADD-41487,5962468,Improve logging for step executor - hotfix,ZPATEL,EBELL,Low,In Review,,2025-06-24 02:59:42,1.0.0,,2025-07-24 02:59:42,DATA CIDP S13 9/14 - 10/4,,,
Story,D6NADD-41488,5962469,Refactor cadence engine - phase 2,GOAMPAR,ASMITH,High,Dev in Progress,,2025-02-25 18:49:33,1.0.0,2025-05-25,2025-03-27 18:49:33,PLATFORM S1 8/1 - 8/21,,,
Bug,D6NADD-41489,5962470,Refactor cadence engine - hotfix,KBROWN,RVERMA,High,Done,Incomplete,2024-09-20 08:06:02,2.0.0,,2024-10-01 08:06:02,PLATFORM S1 8/1 - 8/21,,,
Improvement,D6NADD-41490,5962471,Refactor cadence engine,KBROWN,SWSINGH,Medium,Blocked,,2024-08-16 04:12:10,1.1.0,2024-10-03,2024-09-05 04:12:10,PLATFORM S1 8/1 - 8/21,,,
Epic,D6NADD-41491,5962472,Fix data ingestion bug,ZPATEL,RVERMA,Low,Done,Duplicate,2025-04-22 13:39:44,,2025-05-06,2025-05-19 13:39:44,,,,
Bug,D6NADD-41492,5962473,Fix data ingestion bug,SWSINGH,MKHAN,Medium,Dev in Progress,,2024-07-02 07:16:21,,2024-09-19,2024-07-25 07:16:21,RELEASE Q4 11/01 - 11/21,,Customer reported,
Bug,D6NADD-41493,5962474,Improve logging for step executor,AJONES,MKHAN,Low,Dev in Progress,,2024-08-04 11:09:13,,,2024-08-19 11:09:13,,,Customer reported,
Improvement,D6NADD-41494,5962475,Update validation logic,LKUMAR,EBELL,Medium,Blocked,,2025-01-16 12:38:07,2.0.0,2025-02-01,2025-01-28 12:38:07,DATA CIDP S14 10/5 - 10/25,,,
Epic,D6NADD-41495,5962476,Update validation logic,ZPATEL,EBELL,Medium,To Do,,2024-08-20 23:35:51,1.0.0,,2024-08-30 23:35:51,PLATFORM S1 8/1 - 8/21,,,
Story,D6NADD-41496,5962477,Add retry on failure,MRAO,RVERMA,Low,Dev in Progress,,2025-09-16 05:20:25,,2025-10-04,2025-10-21 05:20:25,PLATFORM S1 8/1 - 8/21,,,
Epic,D6NADD-41497,5962478,Investigate memory leak,AJONES,JDOE,Critical,Dev in Progress,,2025-06-12 06:09:01,2025.09.1,2025-08-28,2025-07-15 06:09:01,DATA CIDP S14 10/5 - 10/25,,,
Task,D6NADD-41498,5962479,Investigate memory leak,GOAMPAR,SWSINGH,Medium,Dev in Progress,,2025-07-04 22:54:33,1.1.0,2025-09-15,2025-07-18 22:54:33,DATA CIDP S13 9/14 - 10/4,,,
Improvement,D6NADD-41499,5962480,Refactor cadence engine - hotfix,AJONES,MKHAN,Medium,Dev in Progress,,2024-05-12 23:24:39,2025.09.1,,2024-06-20 23:24:39,PLATFORM S1 8/1 - 8/21,,,
Improvement,D6NADD-41500,5962481,Impacted policy list,GOAMPAR,SWSINGH,Low,Dev in Progress,,2025-05-20 17:56:33,2.0.0,,2025-06-02 17:56:33,RELEASE Q4 11/01 - 11/21,,,
Epic,D6NADD-41501,5962482,Refactor cadence engine,LKUMAR,RVERMA,Low,In Review,,2024-12-18 06:40:31,1.0.0,,2024-12-22 06:40:31,PLATFORM S2 8/22 - 9/11,,,
Epic,D6NADD-41502,5962483,Add retry on failure,SWSINGH,ASMITH,High,Dev in Progress,,2024-09-25 06:10:25,2025.09.1,2024-11-18,2024-10-20 06:10:25,RELEASE Q4 11/01 - 11/21,,Blocked by infra,
Epic,D6NADD-41503,5962484,Update validation logic,MRAO,JDOE,Low,Dev in Progress,,2025-04-22 23:28:01,1.1.0,2025-05-19,2025-05-18 23:28:01,RELEASE Q4 11/01 - 11/21,,,
Task,D6NADD-41504,5962485,Fix data ingestion bug,TNGUYEN,RVERMA,High,Dev in Progress,,2024-11-01 10:33:56,1.0.0,,2024-12-03 10:33:56,DATA CIDP S14 10/5 - 10/25,,,D6NADD-41525
Epic,D6NADD-41505,5962486,Add unit tests,GOAMPAR,SWSINGH,Medium,Done,Duplicate,2025-08-16 07:19:19,,2025-10-13,2025-09-10 07:19:19,RELEASE Q4 11/01 - 11/21,,,
Bug,D6NADD-41506,5962487,Refactor cadence engine - P1,TNGUYEN,MKHAN,Medium,Blocked,,2024-04-02 06:47:52,2.0.0,,2024-04-10 06:47:52,PLATFORM S1 8/1 - 8/21,,,
Bug,D6NADD-41507,5962488,Improve logging for step executor,MRAO,MKHAN,Medium,Dev in Progress,Won't Fix,2025-07-08 06:18:58,2025.09.1,,2025-07-29 06:18:58,PLATFORM S2 8/22 - 9/11,,Blocked by infra,
Bug,D6NADD-41508,5962489,Improve logging for step executor - P1,LKUMAR,MKHAN,Medium,In Review,,2025-07-04 11:52:03,1.1.0,2025-07-13,2025-08-09 11:52:03,PLATFORM S1 8/1 - 8/21,,,
Epic,D6NADD-41509,5962490,Refactor cadence engine,GOAMPAR,MKHAN,Medium,Blocked,,2025-08-25 20:42:31,,,2025-10-01 20:42:31,RELEASE Q4 11/01 - 11/21,,,
Improvement,D6NADD-41510,5962491,Investigate memory leak - phase 2,GOAMPAR,MKHAN,High,To Do,Duplicate,2024-11-21 06:37:50,1.0.0,,2024-11-30 06:37:50,PLATFORM S2 8/22 - 9/11,,,
Improvement,D6NADD-41511,5962492,Add unit tests,GOAMPAR,EBELL,Low,Dev in Progress,,2025-05-29 08:48:08,1.1.0,,2025-06-28 08:48:08,DATA CIDP S14 10/5 - 10/25,,,
Improvement,D6NADD-41512,5962493,Improve logging for step executor,LKUMAR,MKHAN,Medium,Blocked,,2024-08-19 20:25:39,1.1.0,,2024-09-02 20:25:39,PLATFORM S1 8/1 - 8/21,,,
Epic,D6NADD-41513,5962494,Improve logging for step executor,LKUMAR,ASMITH,Low,In Review,,2024-11-02 10:37:04,1.0.0,,2024-11-24 10:37:04,PLATFORM S1 8/1 - 8/21,,Need more info from security,
Bug,D6NADD-41514,5962495,Add unit tests,TNGUYEN,JDOE,Low,Dev in Progress,,2025-06-24 17:34:25,2025.09.1,2025-09-17,2025-07-11 17:34:25,DATA CIDP S14 10/5 - 10/25,,,
Improvement,D6NADD-41515,5962496,Add retry on failure,GOAMPAR,SWSINGH,Medium,In Review,,2025-08-21 16:07:14,1.0.0,2025-11-06,2025-08-29 16:07:14,PLATFORM S2 8/22 - 9/11,,,
Epic,D6NADD-41516,5962497,Add unit tests,LKUMAR,ASMITH,Medium,To Do,,2025-05-21 15:43:46,1.0.0,2025-06-01,2025-06-26 15:43:46,PLATFORM S2 8/22 - 9/11,,,
Task,D6NADD-41517,5962498,Impacted policy list,KBROWN,RVERMA,Low,In Review,,2024-08-12 20:03:19,2025.09.1,2024-10-30,2024-08-14 20:03:19,DATA CIDP S13 9/14 - 10/4,,,
Epic,D6NADD-41518,5962499,Add unit tests,SWSINGH,MKHAN,Medium,Dev in Progress,,2024-05-06 05:06:45,1.0.0,,2024-06-04 05:06:45,DATA CIDP S13 9/14 - 10/4,,,
Bug,D6NADD-41519,5962500,Add retry on failure - P0,KBROWN,MKHAN,Medium,Dev in Progress,,2024-04-19 05:11:43,,2024-05-27,2024-05-19 05:11:43,PLATFORM S1 8/1 - 8/21,,,
Epic,D6NADD-41520,5962501,Refactor cadence engine,LKUMAR,MKHAN,High,To Do,,2025-06-22 02:08:33,2.0.0,2025-07-14,2025-07-07 02:08:33,PLATFORM S1 8/1 - 8/21,,Requires design review,
Story,D6NADD-41521,5962502,Refactor cadence engine,MRAO,JDOE,Critical,Dev in Progress,,2025-04-15 11:47:32,2025.09.1,,2025-05-08 11:47:32,PLATFORM S2 8/22 - 9/11,,,
Task,D6NADD-41522,5962503,Add retry on failure,AJONES,MKHAN,Medium,In Review,,2025-03-14 04:52:02,2025.09.1,2025-05-30,2025-03-21 04:52:02,DATA CIDP S14 10/5 - 10/25,,,
Bug,D6NADD-41523,5962504,Add unit tests - phase 2,TNGUYEN,SWSINGH,High,Dev in Progress,,2024-04-12 11:37:14,2025.09.1,,2024-05-14 11:37:14,DATA CIDP S13 9/14 - 10/4,,,
Bug,D6NADD-41524,5962505,Impacted policy list,GOAMPAR,EBELL,Low,To Do,,2025-06-28 00:07:13,,,2025-07-02 00:07:13,DATA CIDP S13 9/14 - 10/4,,,
Epic,D6NADD-41525,5962506,Impacted policy list,SWSINGH,JDOE,High,Blocked,,2024-11-22 12:06:52,2.0.0,,2024-12-15 12:06:52,PLATFORM S2 8/22 - 9/11,,,
Epic,D6NADD-41526,5962507,Investigate memory leak - P1,SWSINGH,EBELL,High,To Do,,2024-11-01 07:08:38,,2024-12-06,2024-12-04 07:08:38,DATA CIDP S13 9/14 - 10/4,,,
Epic,D6NADD-41527,5962508,Investigate memory leak,MRAO,JDOE,Medium,Dev in Progress,,2025-07-17 03:25:33,2025.09.1,2025-09-15,2025-07-24 03:25:33,DATA CIDP S13 9/14 - 10/4,,,
Story,D6NADD-41528,5962509,Update validation logic,TNGUYEN,MKHAN,Medium,Done,Won't Fix,2025-07-29 04:41:10,1.0.0,,2025-07-31 04:41:10,RELEASE Q4 11/01 - 11/21,,,
Story,D6NADD-41529,5962510,Fix data ingestion bug,LKUMAR,JDOE,High,In Review,,2025-04-09 09:59:35,2025.09.1,2025-05-04,2025-04-29 09:59:35,DATA CIDP S14 10/5 - 10/25,,,
Improvement,D6NADD-41530,5962511,Fix data ingestion bug,KBROWN,MKHAN,Medium,Blocked,,2025-06-05 10:43:54,1.1.0,,2025-06-29 10:43:54,,,,
Task,D6NADD-41531,5962512,Refactor cadence engine,TNGUYEN,JDOE,High,Dev in Progress,,2025-09-17 20:45:22,2025.09.1,,2025-10-16 20:45:22,PLATFORM S2 8/22 - 9/11,,,
Task,D6NADD-41532,5962513,Investigate memory leak - phase 2,ZPATEL,EBELL,Low,Dev in Progress,,2025-02-20 00:58:12,2025.09.1,2025-04-16,2025-03-04 00:58:12,RELEASE Q4 11/01 - 11/21,,Need more info from security,
Improvement,D6NADD-41533,5962514,Add retry on failure,ZPATEL,ASMITH,Critical,To Do,,2025-07-29 22:05:58,2.0.0,,2025-08-05 22:05:58,DATA CIDP S14 10/5 - 10/25,,,
Task,D6NADD-41534,5962515,Investigate memory leak,ZPATEL,ASMITH,Medium,Dev in Progress,,2024-07-22 03:51:43,2.0.0,,2024-08-14 03:51:43,PLATFORM S2 8/22 - 9/11,,Customer reported,
Bug,D6NADD-41535,5962516,Add retry on failure,KBROWN,SWSINGH,Medium,Dev in Progress,,2024-07-21 13:10:54,2025.09.1,,2024-08-25 13:10:54,,,,
Task,D6NADD-41536,5962517,Add retry on failure,KBROWN,MKHAN,High,Dev in Progress,,2025-06-15 22:27:58,2.0.0,2025-08-23,2025-07-06 22:27:58,PLATFORM S2 8/22 - 9/11,,Requires design review,
Improvement,D6NADD-41537,5962518,Add unit tests - P1,GOAMPAR,MKHAN,Low,In Review,,2025-06-03 00:26:26,2.0.0,,2025-06-06 00:26:26,DATA CIDP S14 10/5 - 10/25,,,
Task,D6NADD-41538,5962519,Update validation logic,GOAMPAR,JDOE,Medium,Dev in Progress,,2025-06-01 21:12:32,2.0.0,,2025-07-10 21:12:32,DATA CIDP S13 9/14 - 10/4,,Customer reported,D6NADD-41652
Bug,D6NADD-41539,5962520,Refactor cadence engine - P0,SWSINGH,SWSINGH,High,Dev in Progress,,2025-04-26 09:33:08,1.1.0,2025-06-17,2025-05-29 09:33:08,PLATFORM S2 8/22 - 9/11,,Customer reported,
Epic,D6NADD-41540,5962521,Add retry on failure,MRAO,ASMITH,Medium,In Review,,2025-05-19 18:54:38,2.0.0,2025-07-13,2025-05-21 18:54:38,RELEASE Q4 11/01 - 11/21,,,
Story,D6NADD-41541,5962522,Fix data ingestion bug - P0,ZPATEL,MKHAN,Critical,Blocked,,2024-02-03 01:13:20,2.0.0,2024-04-22,2024-02-17 01:13:20,PLATFORM S1 8/1 - 8/21,,Need more info from security,
Bug,D6NADD-41542,5962523,Impacted policy list - hotfix,GOAMPAR,JDOE,Medium,In Review,,2024-11-05 08:46:33,1.0.0,2025-01-23,2024-11-09 08:46:33,RELEASE Q4 11/01 - 11/21,,,
Epic,D6NADD-41543,5962524,Improve logging for step executor,SWSINGH,EBELL,High,Dev in Progress,,2024-02-11 16:58:26,,,2024-02-17 16:58:26,PLATFORM S1 8/1 - 8/21,,,
Improvement,D6NADD-41544,5962525,Investigate memory leak,ZPATEL,SWSINGH,Medium,In Review,,2024-06-26 04:48:28,2.0.0,,2024-07-18 04:48:28,PLATFORM S2 8/22 - 9/11,,Customer reported,
Story,D6NADD-41545,5962526,Refactor cadence engine,AJONES,SWSINGH,Medium,Dev in Progress,,2024-04-29 19:55:46,,2024-05-19,2024-05-23 19:55:46,DATA CIDP S13 9/14 - 10/4,,,
Bug,D6NADD-41546,5962527,Update validation logic - phase 2,KBROWN,RVERMA,Medium,Dev in Progress,,2024-03-10 14:36:58,2025.09.1,,2024-04-01 14:36:58,RELEASE Q4 11/01 - 11/21,,,
Epic,D6NADD-41547,5962528,Impacted policy list,KBROWN,SWSINGH,High,Dev in Progress,,2024-07-07 13:02:54,2.0.0,,2024-08-12 13:02:54,DATA CIDP S14 10/5 - 10/25,,Requires design review,
Bug,D6NADD-41548,5962529,Add unit tests - phase 2,KBROWN,ASMITH,Medium,Dev in Progress,,2024-07-14 12:01:23,2.0.0,,2024-07-29 12:01:23,RELEASE Q4 11/01 - 11/21,,,
Epic,D6NADD-41549,5962530,Update validation logic - phase 1,KBROWN,ASMITH,High,Dev in Progress,,2024-12-07 22:21:00,2025.09.1,,2024-12-28 22:21:00,DATA CIDP S14 10/5 - 10/25,,,
Improvement,D6NADD-41550,5962531,Add retry on failure,SWSINGH,RVERMA,Critical,Dev in Progress,,2025-01-16 09:02:22,1.1.0,,2025-02-21 09:02:22,PLATFORM S2 8/22 - 9/11,,,
Epic,D6NADD-41551,5962532,Improve logging for step executor - P1,MRAO,MKHAN,Critical,Dev in Progress,,2024-01-21 21:45:09,1.0.0,,2024-02-19 21:45:09,PLATFORM S2 8/22 - 9/11,,,
Story,D6NADD-41552,5962533,Investigate memory leak,SWSINGH,EBELL,Medium,Dev in Progress,,2024-11-24 15:40:36,2.0.0,2025-02-15,2024-12-18 15:40:36,RELEASE Q4 11/01 - 11/21,,,
Epic,D6NADD-41553,5962534,Impacted policy list,ZPATEL,EBELL,High,Dev in Progress,,2024-03-07 00:10:41,1.1.0,,2024-03-13 00:10:41,DATA CIDP S14 10/5 - 10/25,,,
Story,D6NADD-41554,5962535,Investigate memory leak,ZPATEL,RVERMA,Low,To Do,,2025-08-03 02:20:58,2025.09.1,,2025-09-05 02:20:58,DATA CIDP S14 10/5 - 10/25,,,
Improvement,D6NADD-41555,5962536,Fix data ingestion bug,GOAMPAR,RVERMA,Low,Dev in Progress,,2024-03-31 03:41:21,2.0.0,2024-05-20,2024-04-09 03:41:21,DATA CIDP S14 10/5 - 10/25,,,
Bug,D6NADD-41556,5962537,Add unit tests - P0,ZPATEL,SWSINGH,Medium,In Review,,2024-09-23 11:26:11,1.0.0,,2024-09-29 11:26:11,,,,
Task,D6NADD-41557,5962538,Fix data ingestion bug,KBROWN,RVERMA,Low,Dev in Progress,,2025-05-12 11:23:29,1.0.0,2025-08-05,2025-06-08 11:23:29,PLATFORM S2 8/22 - 9/11,,,
Task,D6NADD-41558,5962539,Add retry on failure,AJONES,MKHAN,Low,Done,Won't Fix,2024-10-11 02:52:34,1.1.0,2024-11-01,2024-10-31 02:52:34,,,,
Bug,D6NADD-41559,5962540,Investigate memory leak,AJONES,ASMITH,Medium,Dev in Progress,,2025-06-07 04:36:23,2025.09.1,,2025-06-26 04:36:23,DATA CIDP S13 9/14 - 10/4,,,
Bug,D6NADD-41560,5962541,Update validation logic - phase 1,SWSINGH,ASMITH,Medium,Dev in Progress,,2024-04-17 02:01:57,2.0.0,2024-05-17,2024-05-23 02:01:57,,,,
Task,D6NADD-41561,5962542,Fix data ingestion bug,SWSINGH,JDOE,Medium,Dev in Progress,,2024-10-05 20:58:30,1.0.0,,2024-10-05 20:58:30,PLATFORM S2 8/22 - 9/11,,,
Epic,D6NADD-41562,5962543,Investigate memory leak,KBROWN,EBELL,High,Dev in Progress,,2024-01-24 23:17:06,1.0.0,2024-03-06,2024-02-07 23:17:06,RELEASE Q4 11/01 - 11/21,,,
Epic,D6NADD-41563,5962544,Add unit tests,AJONES,MKHAN,Low,In Review,,2024-10-11 22:47:56,,,2024-11-14 22:47:56,,,,
Task,D6NADD-41564,5962545,Investigate memory leak - phase 2,LKUMAR,SWSINGH,Medium,Dev in Progress,,2024-12-07 00:51:22,1.0.0,,2024-12-14 00:51:22,DATA CIDP S14 10/5 - 10/25,,,
Bug,D6NADD-41565,5962546,Investigate memory leak - phase 2,MRAO,JDOE,High,Dev in Progress,,2025-04-08 14:14:01,1.1.0,2025-05-22,2025-05-12 14:14:01,RELEASE Q4 11/01 - 11/21,,,
Improvement,D6NADD-41566,5962547,Update validation logic - P0,GOAMPAR,ASMITH,High,To Do,,2024-07-12 22:19:16,1.0.0,,2024-07-21 22:19:16,,,,
Task,D6NADD-41567,5962548,Refactor cadence engine,KBROWN,RVERMA,Low,In Review,,2024-11-08 21:40:57,1.1.0,,2024-12-10 21:40:57,PLATFORM S2 8/22 - 9/11,,,
Story,D6NADD-41568,5962549,Update validation logic,TNGUYEN,EBELL,Medium,Dev in Progress,,2025-02-19 02:23:38,1.0.0,2025-04-21,2025-03-16 02:23:38,PLATFORM S2 8/22 - 9/11,,,
Bug,D6NADD-41569,5962550,Fix data ingestion bug,TNGUYEN,ASMITH,High,In Review,Incomplete,2024-01-13 15:30:23,1.0.0,,2024-01-20 15:30:23,PLATFORM S2 8/22 - 9/11,,,
Epic,D6NADD-41570,5962551,Add retry on failure,SWSINGH,EBELL,Medium,Done,Duplicate,2024-03-13 11:59:00,1.0.0,2024-05-06,2024-04-05 11:59:00,DATA CIDP S13 9/14 - 10/4,,,
Bug,D6NADD-41571,5962552,Add retry on failure,AJONES,EBELL,Low,Dev in Progress,,2025-04-06 02:59:16,2.0.0,,2025-04-20 02:59:16,DATA CIDP S13 9/14 - 10/4,,Requires design review,
Story,D6NADD-41572,5962553,Investigate memory leak,TNGUYEN,SWSINGH,Low,To Do,,2024-03-21 03:48:57,1.0.0,2024-05-05,2024-04-10 03:48:57,PLATFORM S2 8/22 - 9/11,,,
Task,D6NADD-41573,5962554,Fix data ingestion bug - P1,GOAMPAR,MKHAN,Medium,Dev in Progress,,2025-05-02 20:15:37,2025.09.1,,2025-05-11 20:15:37,,,,
Story,D6NADD-41574,5962555,Fix data ingestion bug,KBROWN,ASMITH,Critical,Dev in Progress,,2024-08-03 03:03:04,2025.09.1,2024-10-25,2024-08-08 03:03:04,,,,
Story,D6NADD-41575,5962556,Refactor cadence engine - P1,MRAO,EBELL,Medium,Dev in Progress,,2025-09-08 13:05:41,,,2025-09-23 13:05:41,DATA CIDP S14 10/5 - 10/25,,,
Improvement,D6NADD-41576,5962557,Impacted policy list,ZPATEL,JDOE,Medium,In Review,,2025-02-28 08:49:05,,,2025-03-11 08:49:05,DATA CIDP S13 9/14 - 10/4,,,
Story,D6NADD-41577,5962558,Refactor cadence engine - phase 1,KBROWN,MKHAN,Medium,In Review,,2024-11-25 00:00:52,2025.09.1,2025-02-08,2024-12-20 00:00:52,RELEASE Q4 11/01 - 11/21,,Need more info from security,
Improvement,D6NADD-41578,5962559,Add retry on failure,SWSINGH,MKHAN,Medium,Dev in Progress,,2025-05-19 17:53:12,1.0.0,2025-07-20,2025-05-23 17:53:12,DATA CIDP S13 9/14 - 10/4,,,
Epic,D6NADD-41579,5962560,Update validation logic,GOAMPAR,ASMITH,Medium,In Review,,2024-01-10 20:05:31,1.0.0,,2024-01-18 20:05:31,PLATFORM S2 8/22 - 9/11,,,
Improvement,D6NADD-41580,5962561,Refactor cadence engine - phase 2,LKUMAR,EBELL,High,In Review,Incomplete,2024-07-30 06:05:08,,2024-10-18,2024-09-01 06:05:08,PLATFORM S2 8/22 - 9/11,,,
Bug,D6NADD-41581,5962562,Impacted policy list,SWSINGH,ASMITH,Low,In Review,,2025-06-07 14:30:56,,2025-08-18,2025-06-14 14:30:56,DATA CIDP S13 9/14 - 10/4,,,
Story,D6NADD-41582,5962563,Add retry on failure - hotfix,KBROWN,JDOE,Low,Blocked,Incomplete,2024-06-23 09:16:07,1.1.0,2024-08-09,2024-07-13 09:16:07,DATA CIDP S13 9/14 - 10/4,,,D6NADD-41725
Story,D6NADD-41583,5962564,Fix data ingestion bug - P1,GOAMPAR,RVERMA,Low,Dev in Progress,,2024-08-29 07:49:34,,2024-11-02,2024-09-18 07:49:34,PLATFORM S1 8/1 - 8/21,,,
Bug,D6NADD-41584,5962565,Add retry on failure,TNGUYEN,JDOE,High,Dev in Progress,,2024-04-26 22:45:38,,,2024-04-26 22:45:38,DATA CIDP S14 10/5 - 10/25,,,
Story,D6NADD-41585,5962566,Improve logging for step executor - P0,LKUMAR,SWSINGH,Low,Blocked,,2024-02-16 12:31:30,,,2024-02-25 12:31:30,DATA CIDP S13 9/14 - 10/4,,,
Improvement,D6NADD-41586,5962567,Investigate memory leak,ZPATEL,RVERMA,Critical,To Do,,2024-04-13 16:52:42,,,2024-05-23 16:52:42,RELEASE Q4 11/01 - 11/21,,,
Epic,D6NADD-41587,5962568,Fix data ingestion bug - hotfix,ZPATEL,RVERMA,High,In Review,,2024-07-30 05:37:29,1.0.0,2024-08-31,2024-08-13 05:37:29,RELEASE Q4 11/01 - 11/21,,Need more info from security,
Task,D6NADD-41588,5962569,Add unit tests,KBROWN,SWSINGH,Medium,Blocked,,2024-08-27 11:16:20,,2024-09-18,2024-09-25 11:16:20,DATA CIDP S14 10/5 - 10/25,,,
Improvement,D6NADD-41589,5962570,Impacted policy list - hotfix,SWSINGH,SWSINGH,High,Blocked,,2024-02-08 00:30:20,,2024-03-08,2024-02-27 00:30:20,PLATFORM S2 8/22 - 9/11,,,
Improvement,D6NADD-41590,5962571,Add retry on failure - phase 1,SWSINGH,SWSINGH,Low,In Review,,2024-04-11 12:42:31,1.1.0,,2024-04-23 12:42:31,,,,
Story,D6NADD-41591,5962572,Refactor cadence engine,AJONES,SWSINGH,Critical,Dev in Progress,,2024-04-10 00:50:54,1.1.0,,2024-04-15 00:50:54,DATA CIDP S13 9/14 - 10/4,,Customer reported,D6NADD-41854
Improvement,D6NADD-41592,5962573,Investigate memory leak,KBROWN,RVERMA,Low,In Review,,2024-06-15 18:35:53,1.0.0,2024-08-18,2024-06-26 18:35:53,DATA CIDP S13 9/14 - 10/4,,,
Improvement,D6NADD-41593,5962574,Add retry on failure,TNGUYEN,RVERMA,High,Dev in Progress,,2024-10-24 11:55:20,2025.09.1,,2024-11-01 11:55:20,DATA CIDP S14 10/5 - 10/25,,,
Improvement,D6NADD-41594,5962575,Impacted policy list,ZPATEL,RVERMA,Medium,Dev in Progress,,2025-01-25 05:17:20,,2025-02-24,2025-02-14 05:17:20,PLATFORM S1 8/1 - 8/21,,,
Story,D6NADD-41595,5962576,Refactor cadence engine - P0,ZPATEL,MKHAN,Critical,Blocked,,2025-05-25 04:50:25,1.0.0,2025-06-08,2025-06-09 04:50:25,RELEASE Q4 11/01 - 11/21,,,
Bug,D6NADD-41596,5962577,Fix data ingestion bug - P1,ZPATEL,EBELL,Medium,Done,Fixed,2025-06-30 09:18:43,2025.09.1,,2025-07-22 09:18:43,DATA CIDP S14 10/5 - 10/25,,,
Task,D6NADD-41597,5962578,Add unit tests,SWSINGH,RVERMA,Low,To Do,,2024-01-16 11:29:04,1.1.0,,2024-02-18 11:29:04,RELEASE Q4 11/01 - 11/21,,,
Task,D6NADD-41598,5962579,Improve logging for step executor - phase 2,SWSINGH,SWSINGH,High,Done,Fixed,2024-10-17 04:14:12,1.1.0,,2024-11-11 04:14:12,PLATFORM S1 8/1 - 8/21,,,
Epic,D6NADD-41599,5962580,Add unit tests,SWSINGH,EBELL,Critical,In Review,,2025-09-03 06:35:25,1.0.0,2025-11-24,2025-09-25 06:35:25,PLATFORM S2 8/22 - 9/11,,,
Bug,D6NADD-41600,5962581,Fix data ingestion bug - phase 1,KBROWN,MKHAN,Low,Dev in Progress,,2025-04-19 20:58:14,,,2025-05-03 20:58:14,PLATFORM S2 8/22 - 9/11,,Need more info from security,
Task,D6NADD-41601,5962582,Improve logging for step executor,SWSINGH,EBELL,High,To Do,,2025-05-11 09:44:15,1.1.0,,2025-06-01 09:44:15,DATA CIDP S14 10/5 - 10/25,,,D6NADD-41512
Story,D6NADD-41602,5962583,Impacted policy list - P0,KBROWN,JDOE,High,Dev in Progress,,2025-02-28 02:37:28,2025.09.1,2025-05-07,2025-03-24 02:37:28,,,,
Epic,D6NADD-41603,5962584,Update validation logic,GOAMPAR,ASMITH,Low,Dev in Progress,,2024-09-22 11:46:00,1.0.0,,2024-10-02 11:46:00,,,Need more info from security,
Bug,D6NADD-41604,5962585,Add unit tests,KBROWN,EBELL,Low,Done,Won't Fix,2024-02-11 14:21:05,2.0.0,2024-03-13,2024-02-17 14:21:05,,,,
Improvement,D6NADD-41605,5962586,Refactor cadence engine,LKUMAR,JDOE,Low,Dev in Progress,,2025-01-16 07:56:21,2.0.0,2025-01-23,2025-01-25 07:56:21,DATA CIDP S13 9/14 - 10/4,,,
Improvement,D6NADD-41606,5962587,Add unit tests - phase 1,MRAO,JDOE,Medium,Blocked,,2024-03-30 17:14:32,2.0.0,,2024-04-18 17:14:32,PLATFORM S2 8/22 - 9/11,,,
Bug,D6NADD-41607,5962588,Update validation logic,KBROWN,JDOE,Medium,Dev in Progress,,2024-02-04 15:43:11,1.1.0,,2024-02-20 15:43:11,DATA CIDP S14 10/5 - 10/25,,,
Improvement,D6NADD-41608,5962589,Impacted policy list - phase 1,AJONES,EBELL,Medium,Dev in Progress,,2025-04-03 01:17:51,2.0.0,,2025-04-17 01:17:51,RELEASE Q4 11/01 - 11/21,,,
Improvement,D6NADD-41609,5962590,Add unit tests,MRAO,RVERMA,Medium,Dev in Progress,,2024-01-27 23:23:09,2025.09.1,,2024-02-28 23:23:09,RELEASE Q4 11/01 - 11/21,,,
Improvement,D6NADD-41610,5962591,Fix data ingestion bug - P0,SWSINGH,JDOE,Critical,In Review,,2024-11-24 20:16:48,2.0.0,,2024-11-29 20:16:48,DATA CIDP S14 10/5 - 10/25,,,
Task,D6NADD-41611,5962592,Refactor cadence engine,AJONES,SWSINGH,Medium,Dev in Progress,,2024-08-02 12:45:23,,,2024-09-04 12:45:23,,,,
Epic,D6NADD-41612,5962593,Update validation logic,SWSINGH,MKHAN,Medium,In Review,,2024-03-23 01:10:32,1.1.0,,2024-04-28 01:10:32,RELEASE Q4 11/01 - 11/21,,,
Epic,D6NADD-41613,5962594,Refactor cadence engine,TNGUYEN,MKHAN,Medium,To Do,,2024-04-21 17:36:29,2.0.0,,2024-05-30 17:36:29,DATA CIDP S13 9/14 - 10/4,,,
Bug,D6NADD-41614,5962595,Add retry on failure - P0,LKUMAR,ASMITH,Low,In Review,,2024-08-05 18:02:25,,,2024-09-05 18:02:25,DATA CIDP S14 10/5 - 10/25,,Customer reported,
Bug,D6NADD-41615,5962596,Refactor cadence engine,AJONES,JDOE,Medium,Done,Incomplete,2025-07-29 12:12:43,1.1.0,,2025-08-29 12:12:43,DATA CIDP S13 9/14 - 10/4,,,
Task,D6NADD-41616,5962597,Update validation logic,KBROWN,JDOE,High,Dev in Progress,,2024-05-14 22:41:56,1.0.0,,2024-05-26 22:41:56,DATA CIDP S13 9/14 - 10/4,,,
Bug,D6NADD-41617,5962598,Add retry on failure,TNGUYEN,MKHAN,Medium,Done,Fixed,2024-07-06 22:03:10,2.0.0,,2024-07-29 22:03:10,DATA CIDP S14 10/5 - 10/25,,,
Epic,D6NADD-41618,5962599,Improve logging for step executor,LKUMAR,EBELL,High,To Do,Fixed,2024-05-06 12:48:50,1.0.0,,2024-06-11 12:48:50,DATA CIDP S14 10/5 - 10/25,,,
Task,D6NADD-41619,5962600,Refactor cadence engine,GOAMPAR,EBELL,Low,Done,Won't Fix,2025-04-11 22:05:53,1.1.0,2025-07-04,2025-04-11 22:05:53,,,,
Epic,D6NADD-41620,5962601,Investigate memory leak,TNGUYEN,ASMITH,Low,Dev in Progress,,2025-04-29 08:51:36,,,2025-05-24 08:51:36,RELEASE Q4 11/01 - 11/21,,,
Bug,D6NADD-41621,5962602,Refactor cadence engine,AJONES,RVERMA,Low,Blocked,,2024-08-03 01:30:33,1.1.0,,2024-08-19 01:30:33,DATA CIDP S14 10/5 - 10/25,,Blocked by infra,
Story,D6NADD-41622,5962603,Investigate memory leak,SWSINGH,EBELL,Low,Dev in Progress,,2024-11-21 02:37:47,2025.09.1,2024-12-02,2024-12-16 02:37:47,,,,
Bug,D6NADD-41623,5962604,Add retry on failure,TNGUYEN,EBELL,Medium,Dev in Progress,,2025-05-25 18:49:34,2.0.0,2025-06-13,2025-06-29 18:49:34,DATA CIDP S14 10/5 - 10/25,,,
Improvement,D6NADD-41624,5962605,Fix data ingestion bug,ZPATEL,EBELL,Low,Dev in Progress,,2024-08-26 12:29:03,1.1.0,,2024-09-21 12:29:03,PLATFORM S1 8/1 - 8/21,,,
Bug,D6NADD-41625,5962606,Add unit tests,TNGUYEN,SWSINGH,High,Dev in Progress,,2024-02-25 07:33:27,2025.09.1,,2024-03-26 07:33:27,DATA CIDP S13 9/14 - 10/4,,,
Epic,D6NADD-41626,5962607,Refactor cadence engine,SWSINGH,JDOE,Critical,Dev in Progress,,2024-12-21 09:44:59,,2025-01-20,2024-12-30 09:44:59,PLATFORM S2 8/22 - 9/11,,,
Task,D6NADD-41627,5962608,Improve logging for step executor,GOAMPAR,RVERMA,Medium,In Review,,2025-08-16 19:00:35,,,2025-08-26 19:00:35,DATA CIDP S14 10/5 - 10/25,,,
Epic,D6NADD-41628,5962609,Investigate memory leak,KBROWN,SWSINGH,Low,Dev in Progress,,2024-01-11 22:24:59,2025.09.1,,2024-01-31 22:24:59,DATA CIDP S14 10/5 - 10/25,,Need more info from security,
Task,D6NADD-41629,5962610,Add retry on failure,ZPATEL,ASMITH,Low,Dev in Progress,,2024-05-09 17:28:55,1.1.0,,2024-05-13 17:28:55,PLATFORM S1 8/1 - 8/21,,,
Improvement,D6NADD-41630,5962611,Improve logging for step executor,SWSINGH,ASMITH,Critical,Dev in Progress,,2024-05-08 01:39:04,1.0.0,2024-06-12,2024-06-02 01:39:04,DATA CIDP S14 10/5 - 10/25,,,
Improvement,D6NADD-41631,5962612,Fix data ingestion bug - phase 1,KBROWN,EBELL,Medium,Dev in Progress,Fixed,2025-05-29 04:00:49,,,2025-06-04 04:00:49,DATA CIDP S13 9/14 - 10/4,,,
Epic,D6NADD-41632,5962613,Add unit tests,LKUMAR,RVERMA,High,Dev in Progress,,2024-01-08 05:26:57,,,2024-01-27 05:26:57,,,,
Improvement,D6NADD-41633,5962614,Fix data ingestion bug,AJONES,MKHAN,High,To Do,,2024-03-23 12:53:56,1.1.0,2024-04-24,2024-04-23 12:53:56,RELEASE Q4 11/01 - 11/21,,,
Bug,D6NADD-41634,5962615,Investigate memory leak,GOAMPAR,MKHAN,Medium,Dev in Progress,,2024-09-13 18:53:53,,2024-10-01,2024-09-28 18:53:53,RELEASE Q4 11/01 - 11/21,,,
Task,D6NADD-41635,5962616,Update validation logic,AJONES,EBELL,High,Done,Won't Fix,2024-12-20 18:27:36,,2025-01-02,2025-01-07 18:27:36,DATA CIDP S14 10/5 - 10/25,,,
Bug,D6NADD-41636,5962617,Improve logging for step executor,AJONES,SWSINGH,High,Done,Fixed,2024-04-17 11:51:33,2025.09.1,2024-06-19,2024-04-27 11:51:33,PLATFORM S1 8/1 - 8/21,,,
Story,D6NADD-41637,5962618,Improve logging for step executor,SWSINGH,SWSINGH,Medium,Blocked,,2024-10-26 14:15:28,1.0.0,,2024-11-25 14:15:28,DATA CIDP S13 9/14 - 10/4,,Need more info from security,
Task,D6NADD-41638,5962619,Update validation logic,TNGUYEN,MKHAN,Medium,Dev in Progress,,2024-10-05 12:46:05,2.0.0,2024-10-28,2024-11-13 12:46:05,PLATFORM S2 8/22 - 9/11,,Customer reported,
Story,D6NADD-41639,5962620,Refactor cadence engine,GOAMPAR,EBELL,High,Dev in Progress,,2025-07-16 04:07:00,2025.09.1,2025-09-04,2025-08-21 04:07:00,RELEASE Q4 11/01 - 11/21,,,
Epic,D6NADD-41640,5962621,Add retry on failure,KBROWN,JDOE,High,Dev in Progress,,2024-02-12 09:11:10,1.0.0,,2024-02-12 09:11:10,RELEASE Q4 11/01 - 11/21,,,
Epic,D6NADD-41641,5962622,Fix data ingestion bug - P0,ZPATEL,JDOE,Medium,Dev in Progress,,2025-03-03 13:58:52,1.0.0,,2025-03-27 13:58:52,DATA CIDP S13 9/14 - 10/4,,,
Improvement,D6NADD-41642,5962623,Add unit tests - P0,TNGUYEN,ASMITH,Low,Dev in Progress,,2024-03-20 17:24:36,2025.09.1,,2024-04-14 17:24:36,RELEASE Q4 11/01 - 11/21,,Need more info from security,
Improvement,D6NADD-41643,5962624,Refactor cadence engine,MRAO,EBELL,Medium,Blocked,,2024-02-12 03:45:47,1.1.0,,2024-02-26 03:45:47,RELEASE Q4 11/01 - 11/21,,,
Improvement,D6NADD-41644,5962625,Add unit tests,ZPATEL,EBELL,Medium,To Do,,2024-01-02 16:57:14,1.1.0,2024-03-30,2024-01-23 16:57:14,RELEASE Q4 11/01 - 11/21,,,
Story,D6NADD-41645,5962626,Impacted policy list,TNGUYEN,JDOE,High,In Review,,2024-07-16 12:17:46,2.0.0,2024-08-07,2024-08-24 12:17:46,DATA CIDP S14 10/5 - 10/25,,,
Bug,D6NADD-41646,5962627,Update validation logic,GOAMPAR,EBELL,High,Dev in Progress,,2024-12-15 22:00:51,2025.09.1,,2025-01-13 22:00:51,DATA CIDP S14 10/5 - 10/25,,,
Story,D6NADD-41647,5962628,Impacted policy list,KBROWN,MKHAN,Medium,Dev in Progress,,2024-05-17 15:17:34,,2024-06-09,2024-06-23 15:17:34,PLATFORM S2 8/22 - 9/11,,,
Bug,D6NADD-41648,5962629,Investigate memory leak,MRAO,ASMITH,Medium,Dev in Progress,,2025-09-17 02:30:01,2025.09.1,2025-12-10,2025-09-25 02:30:01,PLATFORM S1 8/1 - 8/21,,,
Improvement,D6NADD-41649,5962630,Improve logging for step executor,MRAO,JDOE,Low,In Review,,2025-06-06 05:57:16,1.0.0,,2025-06-14 05:57:16,RELEASE Q4 11/01 - 11/21,,,
Bug,D6NADD-41650,5962631,Update validation logic,TNGUYEN,MKHAN,Medium,In Review,,2025-08-03 21:17:00,,2025-10-03,2025-09-06 21:17:00,RELEASE Q4 11/01 - 11/21,,Customer reported,
Task,D6NADD-41651,5962632,Impacted policy list,MRAO,ASMITH,High,Dev in Progress,,2024-07-13 14:47:44,1.1.0,,2024-07-22 14:47:44,DATA CIDP S14 10/5 - 10/25,,,D6NADD-41797
Epic,D6NADD-41652,5962633,Update validation logic,MRAO,EBELL,Medium,Dev in Progress,,2025-09-10 22:03:20,,,2025-09-28 22:03:20,PLATFORM S2 8/22 - 9/11,,,
Bug,D6NADD-41653,5962634,Impacted policy list - hotfix,MRAO,MKHAN,High,Done,Incomplete,2024-06-24 04:31:43,1.1.0,,2024-08-03 04:31:43,RELEASE Q4 11/01 - 11/21,,,
Improvement,D6NADD-41654,5962635,Add retry on failure,MRAO,ASMITH,Medium,Blocked,,2024-05-14 23:46:33,2.0.0,2024-05-26,2024-06-15 23:46:33,PLATFORM S1 8/1 - 8/21,,,
Task,D6NADD-41655,5962636,Fix data ingestion bug,LKUMAR,SWSINGH,Medium,In Review,,2024-04-29 09:14:19,2025.09.1,,2024-05-19 09:14:19,,,,
Improvement,D6NADD-41656,5962637,Improve logging for step executor - hotfix,MRAO,JDOE,Medium,In Review,,2025-02-25 19:44:52,1.1.0,,2025-03-31 19:44:52,DATA CIDP S14 10/5 - 10/25,,,
Bug,D6NADD-41657,5962638,Improve logging for step executor,MRAO,MKHAN,Medium,Blocked,,2025-05-19 07:49:53,2.0.0,2025-07-09,2025-05-19 07:49:53,DATA CIDP S14 10/5 - 10/25,,,
Improvement,D6NADD-41658,5962639,Add retry on failure,ZPATEL,RVERMA,High,Done,Incomplete,2024-07-18 07:11:40,,,2024-08-21 07:11:40,RELEASE Q4 11/01 - 11/21,,,
Bug,D6NADD-41659,5962640,Add unit tests,LKUMAR,EBELL,Low,Dev in Progress,,2024-05-10 00:27:55,,,2024-06-13 00:27:55,DATA CIDP S14 10/5 - 10/25,,,
Task,D6NADD-41660,5962641,Investigate memory leak,MRAO,MKHAN,High,Done,Incomplete,2025-05-17 04:46:24,1.0.0,,2025-05-21 04:46:24,DATA CIDP S13 9/14 - 10/4,,,
Story,D6NADD-41661,5962642,Update validation logic - hotfix,AJONES,MKHAN,High,Done,Incomplete,2024-10-28 09:27:07,2.0.0,,2024-11-25 09:27:07,PLATFORM S1 8/1 - 8/21,,Need more info from security,
Improvement,D6NADD-41662,5962643,Update validation logic,GOAMPAR,EBELL,High,Dev in Progress,,2024-08-13 02:56:44,1.1.0,,2024-09-01 02:56:44,PLATFORM S2 8/22 - 9/11,,,
Story,D6NADD-41663,5962644,Add unit tests - phase 2,SWSINGH,EBELL,Medium,In Review,,2025-05-07 11:28:04,1.1.0,2025-08-04,2025-05-16 11:28:04,DATA CIDP S13 9/14 - 10/4,,,
Story,D6NADD-41664,5962645,Impacted policy list - P1,KBROWN,MKHAN,Medium,To Do,,2025-07-29 21:15:57,2025.09.1,2025-10-26,2025-08-20 21:15:57,DATA CIDP S14 10/5 - 10/25,,Blocked by infra,
Bug,D6NADD-41665,5962646,Add retry on failure - P1,GOAMPAR,MKHAN,Medium,Dev in Progress,,2024-02-22 07:43:58,2.0.0,2024-05-13,2024-03-09 07:43:58,PLATFORM S1 8/1 - 8/21,,,
Task,D6NADD-41666,5962647,Update validation logic,AJONES,JDOE,Medium,Dev in Progress,,2024-08-25 10:12:14,1.1.0,2024-11-12,2024-10-01 10:12:14,PLATFORM S1 8/1 - 8/21,,,
Bug,D6NADD-41667,5962648,Add retry on failure,KBROWN,ASMITH,High,To Do,,2025-01-07 18:59:25,1.1.0,,2025-02-05 18:59:25,PLATFORM S2 8/22 - 9/11,,,
Task,D6NADD-41668,5962649,Update validation logic,SWSINGH,MKHAN,Low,In Review,,2025-07-19 00:11:30,2025.09.1,,2025-07-23 00:11:30,,,Customer reported,
Task,D6NADD-41669,5962650,Impacted policy list,TNGUYEN,EBELL,High,Dev in Progress,,2025-08-22 17:49:23,1.1.0,,2025-09-28 17:49:23,DATA CIDP S14 10/5 - 10/25,,,
Epic,D6NADD-41670,5962651,Improve logging for step executor,MRAO,MKHAN,Medium,In Review,,2024-05-03 16:07:15,2025.09.1,,2024-05-14 16:07:15,,,,
Task,D6NADD-41671,5962652,Add unit tests,GOAMPAR,JDOE,High,Dev in Progress,,2024-06-30 18:25:27,2025.09.1,,2024-07-02 18:25:27,PLATFORM S1 8/1 - 8/21,,,
Story,D6NADD-41672,5962653,Impacted policy list,ZPATEL,SWSINGH,High,Dev in Progress,,2025-07-30 06:11:57,2025.09.1,,2025-08-15 06:11:57,DATA CIDP S14 10/5 - 10/25,,,
Improvement,D6NADD-41673,5962654,Update validation logic,KBROWN,JDOE,Medium,Dev in Progress,,2025-01-13 03:45:26,,,2025-02-12 03:45:26,RELEASE Q4 11/01 - 11/21,,,
Epic,D6NADD-41674,5962655,Fix data ingestion bug - P1,LKUMAR,JDOE,Low,Dev in Progress,,2024-04-01 21:50:06,1.1.0,,2024-04-15 21:50:06,,,Customer reported,
Epic,D6NADD-41675,5962656,Add retry on failure,KBROWN,SWSINGH,Low,To Do,,2024-04-14 15:26:17,2025.09.1,,2024-05-24 15:26:17,DATA CIDP S14 10/5 - 10/25,,Requires design review,
Task,D6NADD-41676,5962657,Investigate memory leak,GOAMPAR,EBELL,High,In Review,,2024-06-17 05:35:38,2.0.0,,2024-07-15 05:35:38,PLATFORM S2 8/22 - 9/11,,Customer reported,
Improvement,D6NADD-41677,5962658,Fix data ingestion bug,LKUMAR,JDOE,High,Dev in Progress,,2025-04-03 17:30:26,1.0.0,2025-05-29,2025-04-07 17:30:26,DATA CIDP S13 9/14 - 10/4,,Customer reported,
Task,D6NADD-41678,5962659,Update validation logic - P1,GOAMPAR,MKHAN,Medium,To Do,,2024-04-11 05:30:20,,,2024-05-19 05:30:20,,,,
Bug,D6NADD-41679,5962660,Impacted policy list,KBROWN,JDOE,High,Dev in Progress,,2024-09-29 06:07:32,2025.09.1,,2024-11-05 06:07:32,DATA CIDP S13 9/14 - 10/4,,,
Bug,D6NADD-41680,5962661,Add unit tests,AJONES,ASMITH,Medium,Dev in Progress,,2024-01-05 05:57:28,,,2024-01-05 05:57:28,RELEASE Q4 11/01 - 11/21,,Blocked by infra,
Bug,D6NADD-41681,5962662,Investigate memory leak,SWSINGH,RVERMA,Medium,Dev in Progress,,2024-11-24 23:45:34,2.0.0,2025-01-05,2024-12-30 23:45:34,DATA CIDP S14 10/5 - 10/25,,,
Improvement,D6NADD-41682,5962663,Add unit tests - P1,TNGUYEN,ASMITH,Critical,Dev in Progress,,2024-11-05 05:40:35,,,2024-11-13 05:40:35,,,,
Task,D6NADD-41683,5962664,Update validation logic - P0,ZPATEL,MKHAN,Medium,In Review,,2024-10-29 05:25:05,1.0.0,2024-11-16,2024-12-08 05:25:05,PLATFORM S2 8/22 - 9/11,,,
Story,D6NADD-41684,5962665,Refactor cadence engine - phase 1,GOAMPAR,EBELL,Medium,Blocked,,2025-02-08 16:14:50,2025.09.1,,2025-02-26 16:14:50,DATA CIDP S13 9/14 - 10/4,,,
Epic,D6NADD-41685,5962666,Add unit tests - P1,LKUMAR,JDOE,Low,Dev in Progress,,2024-06-28 22:39:35,1.1.0,2024-07-09,2024-08-06 22:39:35,DATA CIDP S14 10/5 - 10/25,,,
Task,D6NADD-41686,5962667,Update validation logic,KBROWN,ASMITH,Medium,Dev in Progress,,2024-01-12 22:27:09,2025.09.1,,2024-01-16 22:27:09,PLATFORM S1 8/1 - 8/21,,,
Improvement,D6NADD-41687,5962668,Improve logging for step executor,LKUMAR,JDOE,Medium,Dev in Progress,,2025-03-22 13:02:17,2025.09.1,2025-05-20,2025-03-22 13:02:17,DATA CIDP S13 9/14 - 10/4,,,
Improvement,D6NADD-41688,5962669,Refactor cadence engine,AJONES,MKHAN,Critical,Done,Cannot Reproduce,2024-07-13 06:58:31,2025.09.1,,2024-08-10 06:58:31,PLATFORM S2 8/22 - 9/11,,,
Bug,D6NADD-41689,5962670,Add unit tests,GOAMPAR,RVERMA,Low,To Do,,2024-06-20 04:13:27,2.0.0,,2024-07-04 04:13:27,PLATFORM S1 8/1 - 8/21,,,
Story,D6NADD-41690,5962671,Refactor cadence engine - phase 1,KBROWN,EBELL,High,Dev in Progress,,2024-05-18 15:12:55,2025.09.1,2024-06-21,2024-06-17 15:12:55,PLATFORM S1 8/1 - 8/21,,Blocked by infra,
Task,D6NADD-41691,5962672,Add retry on failure,LKUMAR,JDOE,Low,In Review,,2024-10-03 12:49:52,,,2024-10-12 12:49:52,DATA CIDP S13 9/14 - 10/4,,,
Improvement,D6NADD-41692,5962673,Impacted policy list,GOAMPAR,RVERMA,Medium,Dev in Progress,,2025-03-22 05:49:02,2025.09.1,,2025-04-08 05:49:02,PLATFORM S1 8/1 - 8/21,,,
Improvement,D6NADD-41693,5962674,Fix data ingestion bug - P0,TNGUYEN,MKHAN,Low,Dev in Progress,,2025-08-25 15:53:53,,,2025-09-05 15:53:53,,,,
Bug,D6NADD-41694,5962675,Impacted policy list - phase 2,KBROWN,MKHAN,Low,Dev in Progress,,2024-05-25 08:46:27,2.0.0,2024-07-05,2024-06-29 08:46:27,RELEASE Q4 11/01 - 11/21,,,
Task,D6NADD-41695,5962676,Add unit tests,KBROWN,EBELL,High,Dev in Progress,,2024-12-16 02:11:50,2025.09.1,,2024-12-27 02:11:50,,,,D6NADD-41519
Task,D6NADD-41696,5962677,Investigate memory leak,MRAO,JDOE,High,In Review,,2024-01-08 13:36:34,1.0.0,,2024-01-19 13:36:34,,,,
Epic,D6NADD-41697,5962678,Refactor cadence engine,GOAMPAR,RVERMA,Low,Dev in Progress,,2024-07-16 12:18:11,,,2024-08-15 12:18:11,PLATFORM S2 8/22 - 9/11,,,
Bug,D6NADD-41698,5962679,Improve logging for step executor,LKUMAR,ASMITH,Low,To Do,,2025-04-15 08:45:19,2025.09.1,,2025-04-27 08:45:19,DATA CIDP S14 10/5 - 10/25,,,
Bug,D6NADD-41699,5962680,Improve logging for step executor,TNGUYEN,EBELL,Medium,To Do,,2024-12-26 04:57:55,1.0.0,,2025-02-04 04:57:55,,,,
Bug,D6NADD-41700,5962681,Investigate memory leak,KBROWN,SWSINGH,Low,Dev in Progress,,2025-05-22 05:02:47,2025.09.1,,2025-06-09 05:02:47,,,,
Epic,D6NADD-41701,5962682,Improve logging for step executor,TNGUYEN,RVERMA,Low,Done,Won't Fix,2025-07-19 06:39:40,,,2025-08-03 06:39:40,DATA CIDP S14 10/5 - 10/25,,Need more info from security,
Story,D6NADD-41702,5962683,Update validation logic,TNGUYEN,MKHAN,Low,In Review,,2024-03-05 15:54:53,,2024-03-31,2024-03-11 15:54:53,,,,
Task,D6NADD-41703,5962684,Add retry on failure,TNGUYEN,EBELL,Low,Dev in Progress,,2024-01-28 07:20:10,1.1.0,,2024-02-19 07:20:10,PLATFORM S2 8/22 - 9/11,,,
Bug,D6NADD-41704,5962685,Add unit tests - P1,SWSINGH,MKHAN,Medium,Dev in Progress,,2025-03-14 01:25:58,2025.09.1,,2025-04-10 01:25:58,PLATFORM S1 8/1 - 8/21,,,
Epic,D6NADD-41705,5962686,Add retry on failure,TNGUYEN,ASMITH,Medium,Dev in Progress,,2024-01-01 01:43:17,1.0.0,,2024-02-03 01:43:17,PLATFORM S1 8/1 - 8/21,,,
Improvement,D6NADD-41706,5962687,Impacted policy list,TNGUYEN,RVERMA,Medium,In Review,,2025-04-08 16:57:23,2025.09.1,,2025-04-22 16:57:23,PLATFORM S1 8/1 - 8/21,,Customer reported,
Epic,D6NADD-41707,5962688,Add retry on failure - P0,KBROWN,JDOE,Medium,Dev in Progress,,2025-08-16 20:01:36,1.1.0,,2025-09-24 20:01:36,PLATFORM S1 8/1 - 8/21,,,
Improvement,D6NADD-41708,5962689,Refactor cadence engine,AJONES,JDOE,Low,To Do,,2024-12-17 16:11:34,2.0.0,,2025-01-03 16:11:34,DATA CIDP S14 10/5 - 10/25,,,
Task,D6NADD-41709,5962690,Impacted policy list,GOAMPAR,JDOE,Critical,Dev in Progress,,2024-12-06 12:40:42,,2025-01-01,2024-12-06 12:40:42,PLATFORM S2 8/22 - 9/11,,,
Epic,D6NADD-41710,5962691,Improve logging for step executor,GOAMPAR,ASMITH,Low,In Review,,2024-07-25 23:59:12,1.0.0,2024-09-30,2024-08-19 23:59:12,DATA CIDP S14 10/5 - 10/25,,,
Bug,D6NADD-41711,5962692,Investigate memory leak,AJONES,EBELL,Low,In Review,,2025-07-26 22:12:53,2025.09.1,2025-08-14,2025-07-28 22:12:53,,,,
Epic,D6NADD-41712,5962693,Investigate memory leak,LKUMAR,ASMITH,Low,In Review,,2025-03-02 20:54:45,1.1.0,2025-05-09,2025-04-04 20:54:45,DATA CIDP S14 10/5 - 10/25,,,
Story,D6NADD-41713,5962694,Add retry on failure,MRAO,EBELL,Medium,To Do,,2025-03-30 03:32:22,,2025-05-07,2025-04-06 03:32:22,DATA CIDP S13 9/14 - 10/4,,,
Improvement,D6NADD-41714,5962695,Fix data ingestion bug,AJONES,JDOE,Low,To Do,,2025-08-12 23:13:39,1.0.0,2025-10-03,2025-09-21 23:13:39,,,,
Story,D6NADD-41715,5962696,Fix data ingestion bug,ZPATEL,MKHAN,High,In Review,,2024-12-06 18:18:46,1.1.0,2025-01-30,2024-12-18 18:18:46,,,Need more info from security,
Epic,D6NADD-41716,5962697,Refactor cadence engine,TNGUYEN,JDOE,Medium,Dev in Progress,,2024-12-29 19:30:37,2025.09.1,,2025-01-15 19:30:37,RELEASE Q4 11/01 - 11/21,,Blocked by infra,
Epic,D6NADD-41717,5962698,Refactor cadence engine,ZPATEL,RVERMA,Low,Dev in Progress,,2024-05-24 02:36:35,1.1.0,,2024-05-25 02:36:35,RELEASE Q4 11/01 - 11/21,,,
Story,D6NADD-41718,5962699,Investigate memory leak - P0,SWSINGH,MKHAN,Medium,Dev in Progress,,2024-03-15 18:20:50,,,2024-04-17 18:20:50,DATA CIDP S14 10/5 - 10/25,,Need more info from security,
Epic,D6NADD-41719,5962700,Add retry on failure - P1,KBROWN,EBELL,Medium,Dev in Progress,,2024-02-08 03:01:20,,2024-02-24,2024-03-02 03:01:20,DATA CIDP S14 10/5 - 10/25,,,
Story,D6NADD-41720,5962701,Add unit tests,GOAMPAR,ASMITH,Medium,Done,Incomplete,2024-10-13 15:56:17,1.1.0,,2024-10-16 15:56:17,RELEASE Q4 11/01 - 11/21,,Need more info from security,
Story,D6NADD-41721,5962702,Add retry on failure,AJONES,SWSINGH,High,Dev in Progress,,2025-02-12 16:55:48,1.0.0,,2025-02-27 16:55:48,RELEASE Q4 11/01 - 11/21,,,
Story,D6NADD-41722,5962703,Improve logging for step executor,KBROWN,SWSINGH,Low,Dev in Progress,,2024-09-19 03:41:45,2025.09.1,,2024-09-29 03:41:45,PLATFORM S2 8/22 - 9/11,,,
Improvement,D6NADD-41723,5962704,Improve logging for step executor,KBROWN,EBELL,Medium,In Review,,2025-03-13 09:46:41,1.1.0,2025-05-29,2025-04-16 09:46:41,PLATFORM S1 8/1 - 8/21,,,
Epic,D6NADD-41724,5962705,Investigate memory leak - phase 1,LKUMAR,MKHAN,Low,To Do,,2024-01-06 02:27:06,1.0.0,,2024-01-25 02:27:06,PLATFORM S1 8/1 - 8/21,,Requires design review,
Improvement,D6NADD-41725,5962706,Fix data ingestion bug - P0,ZPATEL,JDOE,Low,Dev in Progress,,2024-06-29 23:19:32,,,2024-07-15 23:19:32,RELEASE Q4 11/01 - 11/21,,,
Task,D6NADD-41726,5962707,Update validation logic,TNGUYEN,JDOE,Medium,Done,Cannot Reproduce,2024-03-15 01:42:53,,,2024-04-22 01:42:53,,,,
Story,D6NADD-41727,5962708,Improve logging for step executor,KBROWN,RVERMA,High,To Do,,2025-08-03 17:44:25,2.0.0,,2025-09-10 17:44:25,DATA CIDP S13 9/14 - 10/4,,,D6NADD-41657
Improvement,D6NADD-41728,5962709,Fix data ingestion bug,MRAO,JDOE,Low,In Review,,2024-12-12 02:53:19,,,2025-01-19 02:53:19,DATA CIDP S14 10/5 - 10/25,,,
Epic,D6NADD-41729,5962710,Fix data ingestion bug - phase 1,TNGUYEN,MKHAN,High,Dev in Progress,,2024-11-05 13:04:56,1.0.0,,2024-12-07 13:04:56,DATA CIDP S14 10/5 - 10/25,,,
Task,D6NADD-41730,5962711,Add unit tests,MRAO,MKHAN,Medium,In Review,,2024-02-25 15:32:26,1.1.0,,2024-03-13 15:32:26,,,,D6NADD-41724
Epic,D6NADD-41731,5962712,Investigate memory leak,MRAO,ASMITH,Medium,In Review,,2024-05-11 11:08:48,2.0.0,,2024-06-02 11:08:48,RELEASE Q4 11/01 - 11/21,,Need more info from security,
Task,D6NADD-41732,5962713,Add retry on failure,SWSINGH,EBELL,High,To Do,,2025-04-27 08:19:28,1.1.0,,2025-05-06 08:19:28,DATA CIDP S13 9/14 - 10/4,,,
Bug,D6NADD-41733,5962714,Add unit tests,ZPATEL,JDOE,High,Dev in Progress,,2025-08-05 19:38:01,2025.09.1,,2025-08-21 19:38:01,,,,
Story,D6NADD-41734,5962715,Investigate memory leak,GOAMPAR,ASMITH,Low,Dev in Progress,,2025-04-24 23:41:54,,2025-07-23,2025-05-11 23:41:54,DATA CIDP S13 9/14 - 10/4,,,
Bug,D6NADD-41735,5962716,Update validation logic - P0,MRAO,RVERMA,Medium,In Review,,2025-01-11 10:45:26,1.0.0,,2025-02-18 10:45:26,DATA CIDP S14 10/5 - 10/25,,,
Epic,D6NADD-41736,5962717,Impacted policy list - P1,LKUMAR,ASMITH,Medium,In Review,Duplicate,2024-10-03 00:43:42,1.1.0,2024-12-13,2024-11-12 00:43:42,DATA CIDP S13 9/14 - 10/4,,,
Epic,D6NADD-41737,5962718,Impacted policy list,LKUMAR,JDOE,Low,Done,Won't Fix,2024-03-09 04:37:03,2025.09.1,,2024-04-02 04:37:03,,,,
Epic,D6NADD-41738,5962719,Add retry on failure,KBROWN,ASMITH,High,Dev in Progress,,2024-06-09 14:14:05,1.0.0,,2024-06-17 14:14:05,DATA CIDP S14 10/5 - 10/25,,,
Improvement,D6NADD-41739,5962720,Fix data ingestion bug,SWSINGH,EBELL,High,Done,Duplicate,2024-02-22 16:08:43,,,2024-03-28 16:08:43,DATA CIDP S14 10/5 - 10/25,,,
Task,D6NADD-41740,5962721,Impacted policy list,KBROWN,RVERMA,Medium,In Review,,2025-05-09 15:41:45,,2025-06-09,2025-05-26 15:41:45,DATA CIDP S14 10/5 - 10/25,,Requires design review,
Improvement,D6NADD-41741,5962722,Add retry on failure,MRAO,EBELL,Low,To Do,,2024-04-14 03:33:21,2.0.0,,2024-05-16 03:33:21,,,,
Task,D6NADD-41742,5962723,Investigate memory leak,SWSINGH,JDOE,Low,To Do,,2024-01-12 15:53:09,1.0.0,,2024-01-29 15:53:09,,,,
Task,D6NADD-41743,5962724,Update validation logic - P0,TNGUYEN,EBELL,Medium,Dev in Progress,,2024-11-10 11:15:48,2.0.0,,2024-11-12 11:15:48,,,,
Improvement,D6NADD-41744,5962725,Impacted policy list,TNGUYEN,RVERMA,High,To Do,,2025-02-06 21:19:05,2025.09.1,2025-02-18,2025-03-12 21:19:05,PLATFORM S2 8/22 - 9/11,,,
Story,D6NADD-41745,5962726,Add retry on failure,KBROWN,ASMITH,High,Dev in Progress,,2024-08-16 16:22:53,2025.09.1,,2024-09-24 16:22:53,DATA CIDP S14 10/5 - 10/25,,,
Story,D6NADD-41746,5962727,Update validation logic - P1,SWSINGH,RVERMA,Medium,Dev in Progress,,2025-04-03 12:16:40,,,2025-04-15 12:16:40,PLATFORM S1 8/1 - 8/21,,,
Task,D6NADD-41747,5962728,Update validation logic - P0,ZPATEL,SWSINGH,Medium,Dev in Progress,,2025-02-01 10:09:14,2.0.0,,2025-03-12 10:09:14,RELEASE Q4 11/01 - 11/21,,,
Bug,D6NADD-41748,5962729,Fix data ingestion bug - phase 2,SWSINGH,EBELL,Low,Dev in Progress,,2024-12-12 14:51:23,,,2024-12-30 14:51:23,DATA CIDP S14 10/5 - 10/25,,,
Story,D6NADD-41749,5962730,Refactor cadence engine - P0,TNGUYEN,MKHAN,High,Dev in Progress,,2024-06-17 10:49:17,2.0.0,,2024-07-24 10:49:17,PLATFORM S2 8/22 - 9/11,,,
Story,D6NADD-41750,5962731,Add retry on failure,LKUMAR,MKHAN,Medium,In Review,,2024-05-23 13:40:01,,2024-07-13,2024-06-01 13:40:01,DATA CIDP S14 10/5 - 10/25,,,
Improvement,D6NADD-41751,5962732,Refactor cadence engine,AJONES,SWSINGH,Low,Blocked,,2024-08-08 21:14:15,2025.09.1,,2024-09-16 21:14:15,RELEASE Q4 11/01 - 11/21,,,
Task,D6NADD-41752,5962733,Add unit tests,ZPATEL,SWSINGH,Low,Dev in Progress,,2024-10-21 07:56:29,2025.09.1,,2024-10-25 07:56:29,DATA CIDP S13 9/14 - 10/4,,,
Bug,D6NADD-41753,5962734,Improve logging for step executor,MRAO,EBELL,Low,To Do,,2025-05-03 13:00:39,2.0.0,,2025-06-05 13:00:39,,,,
Bug,D6NADD-41754,5962735,Investigate memory leak,ZPATEL,ASMITH,Medium,Blocked,,2024-04-10 18:01:41,2025.09.1,,2024-05-19 18:01:41,,,,
Epic,D6NADD-41755,5962736,Fix data ingestion bug,MRAO,EBELL,Medium,Dev in Progress,,2024-12-27 02:05:46,1.0.0,,2025-02-05 02:05:46,RELEASE Q4 11/01 - 11/21,,,
Epic,D6NADD-41756,5962737,Impacted policy list,MRAO,SWSINGH,Medium,In Review,,2024-02-22 16:33:21,1.1.0,2024-05-09,2024-03-12 16:33:21,DATA CIDP S13 9/14 - 10/4,,Requires design review,
Bug,D6NADD-41757,5962738,Investigate memory leak,GOAMPAR,JDOE,Low,In Review,,2025-01-07 03:13:31,1.0.0,,2025-02-06 03:13:31,PLATFORM S2 8/22 - 9/11,,Customer reported,
Improvement,D6NADD-41758,5962739,Improve logging for step executor,KBROWN,EBELL,Low,Dev in Progress,,2025-06-10 18:31:12,,,2025-06-30 18:31:12,DATA CIDP S14 10/5 - 10/25,,,
Bug,D6NADD-41759,5962740,Improve logging for step executor - phase 2,LKUMAR,SWSINGH,Medium,Dev in Progress,,2024-05-08 21:53:43,1.0.0,,2024-06-13 21:53:43,RELEASE Q4 11/01 - 11/21,,Requires design review,
Bug,D6NADD-41760,5962741,Impacted policy list,AJONES,RVERMA,High,Dev in Progress,,2024-08-23 01:24:28,1.0.0,,2024-09-05 01:24:28,DATA CIDP S13 9/14 - 10/4,,,
Story,D6NADD-41761,5962742,Add retry on failure,TNGUYEN,MKHAN,Low,Dev in Progress,,2024-05-27 17:48:09,2025.09.1,,2024-06-17 17:48:09,PLATFORM S1 8/1 - 8/21,,,
Story,D6NADD-41762,5962743,Fix data ingestion bug - phase 1,TNGUYEN,RVERMA,High,Dev in Progress,Fixed,2025-06-17 15:35:01,1.1.0,,2025-07-25 15:35:01,PLATFORM S2 8/22 - 9/11,,,D6NADD-41773
Bug,D6NADD-41763,5962744,Impacted policy list,LKUMAR,EBELL,High,Dev in Progress,,2024-08-02 21:07:16,,2024-10-04,2024-09-05 21:07:16,PLATFORM S1 8/1 - 8/21,,Requires design review,
Story,D6NADD-41764,5962745,Impacted policy list,AJONES,JDOE,Medium,Dev in Progress,,2025-07-01 02:06:16,1.0.0,,2025-07-19 02:06:16,DATA CIDP S13 9/14 - 10/4,,,
Improvement,D6NADD-41765,5962746,Add unit tests - phase 1,TNGUYEN,EBELL,Low,Dev in Progress,,2024-10-31 09:51:28,2025.09.1,,2024-11-11 09:51:28,,,,
Epic,D6NADD-41766,5962747,Improve logging for step executor,MRAO,EBELL,High,In Review,,2025-08-10 00:04:09,,,2025-09-08 00:04:09,,,,
Epic,D6NADD-41767,5962748,Refactor cadence engine,TNGUYEN,RVERMA,Low,Dev in Progress,,2025-04-24 04:38:02,2.0.0,,2025-05-10 04:38:02,DATA CIDP S14 10/5 - 10/25,,,
Bug,D6NADD-41768,5962749,Improve logging for step executor,GOAMPAR,SWSINGH,Medium,Dev in Progress,,2024-05-12 15:58:17,2025.09.1,,2024-05-30 15:58:17,RELEASE Q4 11/01 - 11/21,,Need more info from security,
Epic,D6NADD-41769,5962750,Update validation logic,AJONES,ASMITH,Medium,Dev in Progress,,2025-04-27 05:56:45,2.0.0,,2025-05-12 05:56:45,PLATFORM S2 8/22 - 9/11,,Blocked by infra,
Improvement,D6NADD-41770,5962751,Investigate memory leak,KBROWN,MKHAN,High,Dev in Progress,,2025-05-29 15:59:15,2025.09.1,,2025-06-02 15:59:15,PLATFORM S2 8/22 - 9/11,,Customer reported,
Bug,D6NADD-41771,5962752,Update validation logic,SWSINGH,ASMITH,Critical,To Do,,2025-04-08 05:48:09,,2025-07-06,2025-05-02 05:48:09,DATA CIDP S13 9/14 - 10/4,,,
Task,D6NADD-41772,5962753,Impacted policy list,SWSINGH,RVERMA,Medium,Dev in Progress,,2024-05-31 23:29:24,1.1.0,,2024-06-13 23:29:24,PLATFORM S1 8/1 - 8/21,,,
Bug,D6NADD-41773,5962754,Investigate memory leak,ZPATEL,SWSINGH,Medium,Dev in Progress,,2024-04-09 01:48:37,,2024-06-25,2024-04-27 01:48:37,DATA CIDP S13 9/14 - 10/4,,,
Bug,D6NADD-41774,5962755,Update validation logic,GOAMPAR,JDOE,Medium,Dev in Progress,,2025-07-06 20:25:21,2.0.0,,2025-07-30 20:25:21,RELEASE Q4 11/01 - 11/21,,,
Task,D6NADD-41775,5962756,Add unit tests - P1,KBROWN,ASMITH,High,Dev in Progress,,2025-06-04 10:56:13,,2025-06-20,2025-06-12 10:56:13,DATA CIDP S14 10/5 - 10/25,,,
Epic,D6NADD-41776,5962757,Fix data ingestion bug - P0,TNGUYEN,EBELL,Medium,Dev in Progress,,2025-01-30 16:10:56,2.0.0,,2025-02-26 16:10:56,PLATFORM S2 8/22 - 9/11,,,
Task,D6NADD-41777,5962758,Investigate memory leak,TNGUYEN,EBELL,Low,Dev in Progress,,2025-02-28 05:16:37,2025.09.1,2025-03-11,2025-04-05 05:16:37,PLATFORM S2 8/22 - 9/11,,,D6NADD-41627
Story,D6NADD-41778,5962759,Fix data ingestion bug,LKUMAR,RVERMA,Medium,Dev in Progress,,2024-07-09 11:26:34,,,2024-08-08 11:26:34,,,,
Bug,D6NADD-41779,5962760,Impacted policy list,GOAMPAR,RVERMA,Medium,Done,Cannot Reproduce,2025-07-23 23:17:40,1.1.0,,2025-08-13 23:17:40,PLATFORM S1 8/1 - 8/21,,Requires design review,
Improvement,D6NADD-41780,5962761,Refactor cadence engine - P0,SWSINGH,MKHAN,Low,Blocked,,2025-04-29 22:06:45,1.0.0,2025-05-16,2025-04-30 22:06:45,RELEASE Q4 11/01 - 11/21,,Requires design review,
Bug,D6NADD-41781,5962762,Fix data ingestion bug,LKUMAR,ASMITH,Low,To Do,,2025-04-04 15:23:40,1.1.0,,2025-04-13 15:23:40,DATA CIDP S14 10/5 - 10/25,,,
Task,D6NADD-41782,5962763,Add unit tests - P1,GOAMPAR,ASMITH,Critical,Blocked,,2024-04-29 17:34:11,2.0.0,,2024-05-30 17:34:11,PLATFORM S2 8/22 - 9/11,,,
Task,D6NADD-41783,5962764,Add retry on failure,ZPATEL,SWSINGH,Medium,In Review,,2024-05-10 04:17:52,2.0.0,2024-06-24,2024-06-08 04:17:52,,,,
Task,D6NADD-41784,5962765,Investigate memory leak,KBROWN,RVERMA,Medium,Dev in Progress,,2024-08-12 07:28:37,2025.09.1,2024-09-28,2024-09-09 07:28:37,,,,D6NADD-41653
Bug,D6NADD-41785,5962766,Investigate memory leak,LKUMAR,ASMITH,Medium,In Review,,2025-03-29 17:50:43,1.0.0,,2025-04-23 17:50:43,,,,
Task,D6NADD-41786,5962767,Improve logging for step executor,SWSINGH,ASMITH,Medium,In Review,,2024-01-10 06:58:36,2.0.0,2024-01-30,2024-02-05 06:58:36,PLATFORM S1 8/1 - 8/21,,,
Task,D6NADD-41787,5962768,Impacted policy list - phase 1,GOAMPAR,MKHAN,Medium,In Review,,2025-05-10 14:43:37,,,2025-05-17 14:43:37,DATA CIDP S13 9/14 - 10/4,,,
Improvement,D6NADD-41788,5962769,Fix data ingestion bug,SWSINGH,ASMITH,Medium,In Review,,2024-12-18 04:48:15,1.1.0,,2025-01-04 04:48:15,PLATFORM S1 8/1 - 8/21,,Need more info from security,
Bug,D6NADD-41789,5962770,Impacted policy list,ZPATEL,SWSINGH,Medium,In Review,,2024-02-23 21:40:53,1.0.0,,2024-03-25 21:40:53,RELEASE Q4 11/01 - 11/21,,,
Epic,D6NADD-41790,5962771,Update validation logic - P0,MRAO,MKHAN,Medium,Done,Duplicate,2024-03-21 05:24:41,1.1.0,2024-06-09,2024-03-23 05:24:41,PLATFORM S2 8/22 - 9/11,,Customer reported,
Task,D6NADD-41791,5962772,Impacted policy list,KBROWN,ASMITH,Low,Dev in Progress,,2024-01-03 21:02:34,2.0.0,,2024-02-04 21:02:34,PLATFORM S2 8/22 - 9/11,,,
Story,D6NADD-41792,5962773,Add retry on failure - P0,AJONES,MKHAN,Medium,Blocked,,2024-08-23 05:07:28,,2024-11-20,2024-09-17 05:07:28,PLATFORM S1 8/1 - 8/21,,,
Story,D6NADD-41793,5962774,Add unit tests,LKUMAR,EBELL,Low,Dev in Progress,,2025-05-28 04:58:34,,2025-07-23,2025-06-09 04:58:34,,,,
Epic,D6NADD-41794,5962775,Add retry on failure - phase 2,GOAMPAR,EBELL,Critical,Dev in Progress,,2025-09-07 17:43:45,2.0.0,,2025-10-11 17:43:45,RELEASE Q4 11/01 - 11/21,,,
Epic,D6NADD-41795,5962776,Impacted policy list - phase 1,ZPATEL,EBELL,Low,To Do,,2025-06-02 07:40:46,2025.09.1,,2025-07-05 07:40:46,DATA CIDP S14 10/5 - 10/25,,,
Task,D6NADD-41796,5962777,Update validation logic - phase 2,TNGUYEN,EBELL,Low,Done,Cannot Reproduce,2024-02-05 13:48:19,1.0.0,,2024-02-20 13:48:19,DATA CIDP S13 9/14 - 10/4,,Need more info from security,
Story,D6NADD-41797,5962778,Add unit tests,AJONES,SWSINGH,Low,Dev in Progress,,2024-02-19 00:27:27,2.0.0,,2024-03-02 00:27:27,PLATFORM S1 8/1 - 8/21,,Blocked by infra,
Task,D6NADD-41798,5962779,Impacted policy list,ZPATEL,SWSINGH,Low,To Do,,2025-06-24 19:53:39,2.0.0,,2025-07-17 19:53:39,DATA CIDP S14 10/5 - 10/25,,,D6NADD-41432
Improvement,D6NADD-41799,5962780,Investigate memory leak,GOAMPAR,RVERMA,Low,To Do,,2025-07-02 22:36:42,2.0.0,,2025-08-08 22:36:42,,,,
Epic,D6NADD-41800,5962781,Fix data ingestion bug - hotfix,TNGUYEN,RVERMA,Low,Dev in Progress,,2025-04-08 03:18:54,2025.09.1,,2025-04-19 03:18:54,DATA CIDP S13 9/14 - 10/4,,,
Bug,D6NADD-41801,5962782,Improve logging for step executor,MRAO,JDOE,Low,Dev in Progress,,2024-10-08 02:19:45,2.0.0,,2024-11-11 02:19:45,,,,
Bug,D6NADD-41802,5962783,Impacted policy list - phase 2,TNGUYEN,RVERMA,Low,In Review,Duplicate,2024-08-09 09:59:16,1.1.0,,2024-08-22 09:59:16,RELEASE Q4 11/01 - 11/21,,,
Epic,D6NADD-41803,5962784,Impacted policy list - phase 1,SWSINGH,JDOE,High,Dev in Progress,,2024-07-01 18:18:24,1.1.0,,2024-07-29 18:18:24,PLATFORM S2 8/22 - 9/11,,Requires design review,
Task,D6NADD-41804,5962785,Update validation logic,AJONES,JDOE,High,Done,Incomplete,2024-06-20 09:27:07,2.0.0,,2024-06-24 09:27:07,DATA CIDP S13 9/14 - 10/4,,,
Improvement,D6NADD-41805,5962786,Add unit tests - hotfix,SWSINGH,RVERMA,High,Dev in Progress,,2024-06-06 01:29:03,,2024-08-24,2024-06-27 01:29:03,PLATFORM S1 8/1 - 8/21,,Customer reported,
Epic,D6NADD-41806,5962787,Investigate memory leak - hotfix,MRAO,ASMITH,Medium,In Review,,2025-04-19 23:42:35,2025.09.1,,2025-04-29 23:42:35,DATA CIDP S14 10/5 - 10/25,,Customer reported,
Task,D6NADD-41807,5962788,Add unit tests,LKUMAR,SWSINGH,High,In Review,,2024-09-11 05:14:19,2025.09.1,,2024-10-08 05:14:19,DATA CIDP S14 10/5 - 10/25,,,
Epic,D6NADD-41808,5962789,Impacted policy list - P0,GOAMPAR,RVERMA,Medium,Dev in Progress,,2024-03-17 02:50:15,,,2024-04-14 02:50:15,RELEASE Q4 11/01 - 11/21,,,
Epic,D6NADD-41809,5962790,Add retry on failure - hotfix,MRAO,EBELL,Critical,To Do,,2024-05-05 16:13:24,2025.09.1,,2024-06-03 16:13:24,DATA CIDP S13 9/14 - 10/4,,,
Epic,D6NADD-41810,5962791,Fix data ingestion bug,KBROWN,JDOE,High,Dev in Progress,,2025-05-06 23:28:29,,,2025-05-06 23:28:29,PLATFORM S2 8/22 - 9/11,,,
Bug,D6NADD-41811,5962792,Impacted policy list,LKUMAR,EBELL,High,Dev in Progress,,2025-09-03 19:38:24,1.1.0,,2025-09-08 19:38:24,,,,
Improvement,D6NADD-41812,5962793,Improve logging for step executor,AJONES,RVERMA,Medium,Dev in Progress,,2024-05-16 03:13:16,2025.09.1,,2024-06-20 03:13:16,,,,
Task,D6NADD-41813,5962794,Improve logging for step executor - phase 1,TNGUYEN,EBELL,High,Dev in Progress,,2024-06-11 22:50:35,2025.09.1,2024-07-22,2024-06-25 22:50:35,,,,D6NADD-41571
Bug,D6NADD-41814,5962795,Add unit tests,AJONES,RVERMA,High,In Review,,2024-08-15 00:12:08,,,2024-09-12 00:12:08,DATA CIDP S14 10/5 - 10/25,,,
Epic,D6NADD-41815,5962796,Update validation logic - phase 2,LKUMAR,SWSINGH,Low,Dev in Progress,,2025-01-20 12:14:17,2025.09.1,,2025-01-29 12:14:17,,,Customer reported,
Improvement,D6NADD-41816,5962797,Fix data ingestion bug,KBROWN,RVERMA,High,To Do,,2024-01-18 02:47:32,2025.09.1,,2024-02-01 02:47:32,,,,
Improvement,D6NADD-41817,5962798,Improve logging for step executor,ZPATEL,RVERMA,Medium,In Review,,2024-12-11 20:10:44,1.1.0,2025-01-03,2025-01-09 20:10:44,DATA CIDP S14 10/5 - 10/25,,,
Task,D6NADD-41818,5962799,Add unit tests,LKUMAR,SWSINGH,Low,Dev in Progress,,2025-04-25 12:06:11,1.1.0,,2025-05-05 12:06:11,DATA CIDP S14 10/5 - 10/25,,,
Task,D6NADD-41819,5962800,Fix data ingestion bug - phase 1,ZPATEL,MKHAN,Low,Dev in Progress,,2025-03-12 21:31:19,1.1.0,,2025-03-14 21:31:19,DATA CIDP S14 10/5 - 10/25,,,
Task,D6NADD-41820,5962801,Refactor cadence engine - phase 1,KBROWN,RVERMA,High,Done,Duplicate,2024-05-01 05:02:37,2025.09.1,,2024-05-01 05:02:37,RELEASE Q4 11/01 - 11/21,,,
Epic,D6NADD-41821,5962802,Refactor cadence engine,SWSINGH,MKHAN,High,Done,Duplicate,2025-06-19 06:37:51,,,2025-06-26 06:37:51,DATA CIDP S14 10/5 - 10/25,,,
Story,D6NADD-41822,5962803,Refactor cadence engine - P1,MRAO,RVERMA,Medium,Dev in Progress,,2024-05-31 13:51:17,1.1.0,,2024-07-07 13:51:17,DATA CIDP S14 10/5 - 10/25,,Customer reported,
Story,D6NADD-41823,5962804,Investigate memory leak - hotfix,GOAMPAR,EBELL,Medium,To Do,,2024-10-14 02:24:07,1.1.0,2024-11-26,2024-11-07 02:24:07,PLATFORM S1 8/1 - 8/21,,,
Improvement,D6NADD-41824,5962805,Update validation logic - P0,KBROWN,RVERMA,Medium,In Review,,2024-11-25 04:48:17,2025.09.1,2025-02-15,2024-12-21 04:48:17,DATA CIDP S13 9/14 - 10/4,,Requires design review,
Epic,D6NADD-41825,5962806,Improve logging for step executor - P1,KBROWN,SWSINGH,Low,Dev in Progress,,2024-05-15 20:14:31,2025.09.1,,2024-06-19 20:14:31,DATA CIDP S14 10/5 - 10/25,,Customer reported,
Bug,D6NADD-41826,5962807,Add unit tests - hotfix,LKUMAR,RVERMA,Medium,Dev in Progress,Fixed,2024-04-29 15:12:53,2.0.0,2024-07-26,2024-05-15 15:12:53,DATA CIDP S13 9/14 - 10/4,,,
Bug,D6NADD-41827,5962808,Investigate memory leak - phase 2,GOAMPAR,SWSINGH,High,Dev in Progress,,2025-04-10 04:08:36,2025.09.1,,2025-05-03 04:08:36,PLATFORM S2 8/22 - 9/11,,,
Epic,D6NADD-41828,5962809,Update validation logic,GOAMPAR,ASMITH,Low,To Do,,2025-06-22 11:43:57,1.1.0,2025-07-05,2025-06-30 11:43:57,PLATFORM S1 8/1 - 8/21,,,
Bug,D6NADD-41829,5962810,Impacted policy list,AJONES,MKHAN,Low,Dev in Progress,,2025-04-10 01:44:30,1.1.0,,2025-04-20 01:44:30,,,,
Bug,D6NADD-41830,5962811,Improve logging for step executor - P1,ZPATEL,JDOE,Low,Dev in Progress,,2025-01-11 15:10:22,,2025-02-07,2025-02-06 15:10:22,DATA CIDP S14 10/5 - 10/25,,Blocked by infra,
Task,D6NADD-41831,5962812,Update validation logic,AJONES,SWSINGH,High,Done,Incomplete,2024-09-27 11:06:11,1.0.0,,2024-10-16 11:06:11,PLATFORM S2 8/22 - 9/11,,,
Bug,D6NADD-41832,5962813,Fix data ingestion bug,GOAMPAR,EBELL,High,Dev in Progress,,2024-04-20 13:46:13,1.0.0,2024-05-23,2024-05-04 13:46:13,DATA CIDP S13 9/14 - 10/4,,,
Story,D6NADD-41833,5962814,Update validation logic - P0,KBROWN,SWSINGH,Low,To Do,,2025-04-05 17:36:19,1.1.0,,2025-04-08 17:36:19,DATA CIDP S13 9/14 - 10/4,,Need more info from security,
Story,D6NADD-41834,5962815,Add retry on failure,MRAO,JDOE,Medium,To Do,,2025-08-02 14:08:20,1.1.0,,2025-08-19 14:08:20,PLATFORM S1 8/1 - 8/21,,Blocked by infra,
Story,D6NADD-41835,5962816,Update validation logic,GOAMPAR,MKHAN,Low,Dev in Progress,,2025-08-08 15:54:42,1.0.0,2025-08-27,2025-09-11 15:54:42,RELEASE Q4 11/01 - 11/21,,,
Improvement,D6NADD-41836,5962817,Fix data ingestion bug,AJONES,JDOE,High,Blocked,,2025-02-03 10:20:00,1.1.0,,2025-02-17 10:20:00,DATA CIDP S13 9/14 - 10/4,,,
Improvement,D6NADD-41837,5962818,Fix data ingestion bug,ZPATEL,EBELL,Medium,In Review,,2025-01-18 11:28:25,2025.09.1,2025-03-24,2025-01-25 11:28:25,,,,
Epic,D6NADD-41838,5962819,Add retry on failure,LKUMAR,RVERMA,Low,To Do,,2025-01-04 11:15:29,,2025-03-14,2025-01-27 11:15:29,PLATFORM S2 8/22 - 9/11,,,
Story,D6NADD-41839,5962820,Update validation logic - P0,AJONES,EBELL,High,Blocked,,2024-06-03 15:14:21,,2024-07-31,2024-06-24 15:14:21,DATA CIDP S14 10/5 - 10/25,,,
Bug,D6NADD-41840,5962821,Refactor cadence engine,KBROWN,ASMITH,Medium,Dev in Progress,,2025-01-11 08:20:49,,2025-03-17,2025-02-12 08:20:49,DATA CIDP S13 9/14 - 10/4,,,
Epic,D6NADD-41841,5962822,Add retry on failure,SWSINGH,SWSINGH,Low,To Do,,2025-06-10 16:50:20,2.0.0,,2025-06-11 16:50:20,RELEASE Q4 11/01 - 11/21,,,
Task,D6NADD-41842,5962823,Refactor cadence engine,AJONES,SWSINGH,Medium,Dev in Progress,,2024-12-27 23:16:35,2.0.0,2025-03-07,2025-01-08 23:16:35,RELEASE Q4 11/01 - 11/21,,,
Improvement,D6NADD-41843,5962824,Impacted policy list,GOAMPAR,RVERMA,High,To Do,,2024-10-19 07:25:19,,,2024-11-16 07:25:19,DATA CIDP S14 10/5 - 10/25,,,
Bug,D6NADD-41844,5962825,Fix data ingestion bug,SWSINGH,ASMITH,High,Dev in Progress,,2025-06-08 07:22:12,2025.09.1,,2025-07-09 07:22:12,RELEASE Q4 11/01 - 11/21,,,
Improvement,D6NADD-41845,5962826,Fix data ingestion bug,KBROWN,ASMITH,Medium,Blocked,,2024-09-30 23:59:35,2025.09.1,2024-10-10,2024-10-18 23:59:35,DATA CIDP S13 9/14 - 10/4,,Requires design review,
Bug,D6NADD-41846,5962827,Impacted policy list,ZPATEL,RVERMA,Low,Dev in Progress,,2024-09-29 20:08:01,1.0.0,,2024-10-02 20:08:01,DATA CIDP S14 10/5 - 10/25,,,
Improvement,D6NADD-41847,5962828,Update validation logic,AJONES,ASMITH,Low,Dev in Progress,,2024-01-30 00:46:09,2.0.0,,2024-02-28 00:46:09,RELEASE Q4 11/01 - 11/21,,,
Epic,D6NADD-41848,5962829,Refactor cadence engine - P0,GOAMPAR,ASMITH,Medium,Dev in Progress,,2025-09-19 20:17:57,1.1.0,2025-10-22,2025-10-20 20:17:57,PLATFORM S2 8/22 - 9/11,,,
Bug,D6NADD-41849,5962830,Fix data ingestion bug,ZPATEL,RVERMA,Low,Dev in Progress,,2024-02-28 12:05:18,,2024-04-08,2024-04-02 12:05:18,PLATFORM S1 8/1 - 8/21,,,
Epic,D6NADD-41850,5962831,Add retry on failure,AJONES,EBELL,High,To Do,,2024-02-22 05:59:58,2.0.0,,2024-03-29 05:59:58,PLATFORM S2 8/22 - 9/11,,,
Story,D6NADD-41851,5962832,Refactor cadence engine,LKUMAR,RVERMA,Medium,Dev in Progress,,2024-07-14 03:54:54,2025.09.1,,2024-08-22 03:54:54,DATA CIDP S14 10/5 - 10/25,,,
Improvement,D6NADD-41852,5962833,Fix data ingestion bug,MRAO,EBELL,Critical,In Review,,2025-05-10 11:48:33,2.0.0,,2025-06-13 11:48:33,RELEASE Q4 11/01 - 11/21,,,
Story,D6NADD-41853,5962834,Add retry on failure,SWSINGH,JDOE,Low,In Review,,2024-12-04 04:14:06,1.0.0,2024-12-19,2024-12-30 04:14:06,PLATFORM S2 8/22 - 9/11,,,
Task,D6NADD-41854,5962835,Refactor cadence engine,MRAO,RVERMA,Low,To Do,Duplicate,2024-12-26 12:33:50,2.0.0,,2025-01-26 12:33:50,PLATFORM S2 8/22 - 9/11,,,D6NADD-41462
Bug,D6NADD-41855,5962836,Fix data ingestion bug - hotfix,SWSINGH,EBELL,High,Blocked,,2024-01-16 11:07:33,,,2024-01-19 11:07:33,PLATFORM S1 8/1 - 8/21,,,
Story,D6NADD-41856,5962837,Investigate memory leak,AJONES,RVERMA,High,In Review,,2024-03-27 22:34:13,,,2024-05-02 22:34:13,RELEASE Q4 11/01 - 11/21,,,
Improvement,D6NADD-41857,5962838,Refactor cadence engine,AJONES,JDOE,Medium,In Review,,2025-03-29 20:37:48,1.0.0,,2025-04-22 20:37:48,PLATFORM S2 8/22 - 9/11,,,
Story,D6NADD-41858,5962839,Fix data ingestion bug - hotfix,TNGUYEN,RVERMA,Medium,Dev in Progress,,2024-10-18 01:00:25,2.0.0,2024-12-18,2024-10-25 01:00:25,,,,
Task,D6NADD-41859,5962840,Improve logging for step executor,ZPATEL,ASMITH,Low,Blocked,,2025-07-28 08:20:30,1.0.0,,2025-07-31 08:20:30,PLATFORM S1 8/1 - 8/21,,,
Bug,D6NADD-41860,5962841,Update validation logic,MRAO,RVERMA,Medium,Done,Incomplete,2024-07-17 11:29:35,1.1.0,2024-08-23,2024-08-05 11:29:35,DATA CIDP S14 10/5 - 10/25,,,
Task,D6NADD-41861,5962842,Add unit tests,KBROWN,SWSINGH,Medium,To Do,,2025-01-16 21:48:02,1.1.0,,2025-02-15 21:48:02,,,,
Story,D6NADD-41862,5962843,Fix data ingestion bug,AJONES,ASMITH,Medium,In Review,,2024-09-10 19:24:12,,,2024-10-09 19:24:12,,,,
Task,D6NADD-41863,5962844,Impacted policy list,LKUMAR,ASMITH,Medium,To Do,,2025-07-08 05:47:45,2.0.0,,2025-07-16 05:47:45,PLATFORM S1 8/1 - 8/21,,,
Task,D6NADD-41864,5962845,Refactor cadence engine - P1,ZPATEL,ASMITH,Low,Dev in Progress,,2024-10-20 01:45:18,2025.09.1,2024-10-29,2024-11-25 01:45:18,,,,
Story,D6NADD-41865,5962846,Add unit tests - phase 2,GOAMPAR,RVERMA,Medium,Dev in Progress,,2024-10-12 18:31:43,,,2024-10-22 18:31:43,DATA CIDP S13 9/14 - 10/4,,,
Epic,D6NADD-41866,5962847,Add unit tests - phase 2,MRAO,ASMITH,Medium,Dev in Progress,,2024-06-09 11:24:50,1.0.0,2024-07-22,2024-07-17 11:24:50,PLATFORM S2 8/22 - 9/11,,Blocked by infra,
Story,D6NADD-41867,5962848,Refactor cadence engine,MRAO,MKHAN,Medium,Dev in Progress,,2025-05-17 17:20:43,1.0.0,2025-07-23,2025-06-15 17:20:43,PLATFORM S1 8/1 - 8/21,,,
Task,D6NADD-41868,5962849,Investigate memory leak,LKUMAR,SWSINGH,Low,To Do,,2024-07-01 09:45:42,2025.09.1,,2024-07-31 09:45:42,,,,
Story,D6NADD-41869,5962850,Impacted policy list,KBROWN,ASMITH,Critical,In Review,,2025-03-10 14:57:42,1.1.0,,2025-03-12 14:57:42,DATA CIDP S14 10/5 - 10/25,,,
Epic,D6NADD-41870,5962851,Fix data ingestion bug - P1,KBROWN,JDOE,Medium,Dev in Progress,,2025-01-22 17:57:37,2.0.0,,2025-02-08 17:57:37,PLATFORM S1 8/1 - 8/21,,,
Bug,D6NADD-41871,5962852,Refactor cadence engine,KBROWN,JDOE,Medium,Blocked,,2024-04-27 11:46:45,2.0.0,,2024-06-01 11:46:45,DATA CIDP S13 9/14 - 10/4,,Need more info from security,
Task,D6NADD-41872,5962853,Fix data ingestion bug - hotfix,SWSINGH,EBELL,Medium,To Do,,2025-01-19 09:48:20,2025.09.1,,2025-01-21 09:48:20,PLATFORM S2 8/22 - 9/11,,,D6NADD-41749
Task,D6NADD-41873,5962854,Update validation logic,MRAO,ASMITH,Low,Dev in Progress,,2024-07-30 21:12:11,2025.09.1,,2024-09-04 21:12:11,DATA CIDP S14 10/5 - 10/25,,,
Improvement,D6NADD-41874,5962855,Fix data ingestion bug,AJONES,JDOE,High,In Review,,2024-01-21 03:58:11,,,2024-02-08 03:58:11,PLATFORM S2 8/22 - 9/11,,,
Story,D6NADD-41875,5962856,Improve logging for step executor - phase 1,TNGUYEN,EBELL,Medium,Dev in Progress,,2025-04-06 12:46:12,2025.09.1,2025-04-18,2025-04-06 12:46:12,PLATFORM S2 8/22 - 9/11,,,
Improvement,D6NADD-41876,5962857,Fix data ingestion bug - phase 1,LKUMAR,ASMITH,High,In Review,,2025-04-12 19:31:40,1.0.0,2025-05-21,2025-05-06 19:31:40,DATA CIDP S14 10/5 - 10/25,,,
Epic,D6NADD-41877,5962858,Update validation logic - phase 2,SWSINGH,RVERMA,High,Dev in Progress,,2025-05-23 00:38:32,2.0.0,2025-07-31,2025-06-01 00:38:32,,,,
Bug,D6NADD-41878,5962859,Fix data ingestion bug,AJONES,ASMITH,Medium,Dev in Progress,,2025-01-05 01:28:46,2.0.0,,2025-01-22 01:28:46,DATA CIDP S13 9/14 - 10/4,,,
Bug,D6NADD-41879,5962860,Fix data ingestion bug,KBROWN,SWSINGH,Low,Dev in Progress,,2024-06-23 03:57:14,2025.09.1,,2024-07-02 03:57:14,,,,
Story,D6NADD-41880,5962861,Refactor cadence engine,AJONES,RVERMA,Medium,Blocked,,2024-08-21 08:01:23,1.1.0,,2024-09-05 08:01:23,RELEASE Q4 11/01 - 11/21,,Need more info from security,
